checking_status,duration,credit_history,purpose,credit_amount,savings_status,employment,installment_commitment,personal_status,other_parties,residence_since,property_magnitude,age,other_payment_plans,housing,existing_credits,job,num_dependents,own_telephone,foreign_worker,class
< 0 DM,6,critical account,radio/tv,1169,no savings,>= 7 yrs,4,male:single,none,4,real estate,67,none,own,2,skilled,1,yes,yes,Good Risk
0 <= x < 200 DM,48,existing paid back,radio/tv,5951,< 100 DM,1 <= x < 4 yrs,2,female:div/dep/mar,none,2,real estate,22,none,own,1,skilled,1,none,yes,Bad Risk
no checking account,12,critical account,education,2096,< 100 DM,4 <= x < 7 yrs,2,male:single,none,3,real estate,49,none,own,1,unskilled resident,2,none,yes,Good Risk
< 0 DM,42,existing paid back,furniture/equip,7882,< 100 DM,4 <= x < 7 yrs,2,male:single,guarantor,4,life insurance,45,none,for free,1,skilled,2,none,yes,Good Risk
< 0 DM,24,delay in past,car (new),4870,< 100 DM,1 <= x < 4 yrs,3,male:single,none,4,no property,53,none,for free,2,skilled,2,none,yes,Bad Risk
no checking account,36,existing paid back,education,9055,no savings,1 <= x < 4 yrs,2,male:single,none,4,no property,35,none,for free,1,unskilled resident,2,yes,yes,Good Risk
no checking account,24,existing paid back,furniture/equip,2835,500 <= x < 1000 DM,>= 7 yrs,3,male:single,none,4,life insurance,53,none,own,1,skilled,1,none,yes,Good Risk
0 <= x < 200 DM,36,existing paid back,car (used),6948,< 100 DM,1 <= x < 4 yrs,2,male:single,none,2,car,35,none,rent,1,high qual/mgmt,1,yes,yes,Good Risk
no checking account,12,existing paid back,radio/tv,3059,>= 1000 DM,4 <= x < 7 yrs,2,male:divorced,none,4,real estate,61,none,own,1,unskilled resident,1,none,yes,Good Risk
0 <= x < 200 DM,30,critical account,car (new),5234,< 100 DM,unemployed,4,male:mar/wid,none,2,car,28,none,own,2,high qual/mgmt,1,none,yes,Bad Risk
0 <= x < 200 DM,12,existing paid back,car (new),1295,< 100 DM,< 1 yr,3,female:div/dep/mar,none,1,car,25,none,rent,1,skilled,1,none,yes,Bad Risk
< 0 DM,48,existing paid back,business,4308,< 100 DM,< 1 yr,3,female:div/dep/mar,none,4,life insurance,24,none,rent,1,skilled,1,none,yes,Bad Risk
0 <= x < 200 DM,12,existing paid back,radio/tv,1567,< 100 DM,1 <= x < 4 yrs,1,female:div/dep/mar,none,1,car,22,none,own,1,skilled,1,yes,yes,Good Risk
< 0 DM,24,critical account,car (new),1199,< 100 DM,>= 7 yrs,4,male:single,none,4,car,60,none,own,2,unskilled resident,1,none,yes,Bad Risk
< 0 DM,15,existing paid back,car (new),1403,< 100 DM,1 <= x < 4 yrs,2,female:div/dep/mar,none,4,car,28,none,rent,1,skilled,1,none,yes,Good Risk
< 0 DM,24,existing paid back,radio/tv,1282,100 <= x < 500 DM,1 <= x < 4 yrs,4,female:div/dep/mar,none,2,car,32,none,own,1,unskilled resident,1,none,yes,Bad Risk
no checking account,24,critical account,radio/tv,2424,no savings,>= 7 yrs,4,male:single,none,4,life insurance,53,none,own,2,skilled,1,none,yes,Good Risk
< 0 DM,30,no credits/all paid,business,8072,no savings,< 1 yr,2,male:single,none,3,car,25,bank,own,3,skilled,1,none,yes,Good Risk
0 <= x < 200 DM,24,existing paid back,car (used),12579,< 100 DM,>= 7 yrs,4,female:div/dep/mar,none,2,no property,44,none,for free,1,high qual/mgmt,1,yes,yes,Bad Risk
no checking account,24,existing paid back,radio/tv,3430,500 <= x < 1000 DM,>= 7 yrs,3,male:single,none,2,car,31,none,own,1,skilled,2,yes,yes,Good Risk
no checking account,9,critical account,car (new),2134,< 100 DM,1 <= x < 4 yrs,4,male:single,none,4,car,48,none,own,3,skilled,1,yes,yes,Good Risk
< 0 DM,6,existing paid back,radio/tv,2647,500 <= x < 1000 DM,1 <= x < 4 yrs,2,male:single,none,3,real estate,44,none,rent,1,skilled,2,none,yes,Good Risk
< 0 DM,10,critical account,car (new),2241,< 100 DM,< 1 yr,1,male:single,none,3,real estate,48,none,rent,2,unskilled resident,2,none,no,Good Risk
0 <= x < 200 DM,12,critical account,car (used),1804,100 <= x < 500 DM,< 1 yr,3,male:single,none,4,life insurance,44,none,own,1,skilled,1,none,yes,Good Risk
no checking account,10,critical account,furniture/equip,2069,no savings,1 <= x < 4 yrs,2,male:mar/wid,none,1,car,26,none,own,2,skilled,1,none,no,Good Risk
< 0 DM,6,existing paid back,furniture/equip,1374,< 100 DM,1 <= x < 4 yrs,1,male:single,none,2,real estate,36,bank,own,1,unskilled resident,1,yes,yes,Good Risk
no checking account,6,no credits/all paid,radio/tv,426,< 100 DM,>= 7 yrs,4,male:mar/wid,none,4,car,39,none,own,1,unskilled resident,1,none,yes,Good Risk
>= 200 DM,12,all paid back here,radio/tv,409,>= 1000 DM,1 <= x < 4 yrs,3,female:div/dep/mar,none,3,real estate,42,none,rent,2,skilled,1,none,yes,Good Risk
0 <= x < 200 DM,7,existing paid back,radio/tv,2415,< 100 DM,1 <= x < 4 yrs,3,male:single,guarantor,2,real estate,34,none,own,1,skilled,1,none,yes,Good Risk
< 0 DM,60,delay in past,business,6836,< 100 DM,>= 7 yrs,3,male:single,none,4,no property,63,none,own,2,skilled,1,yes,yes,Bad Risk
0 <= x < 200 DM,18,existing paid back,business,1913,>= 1000 DM,< 1 yr,3,male:mar/wid,none,3,real estate,36,bank,own,1,skilled,1,yes,yes,Good Risk
< 0 DM,24,existing paid back,furniture/equip,4020,< 100 DM,1 <= x < 4 yrs,2,male:single,none,2,car,27,stores,own,1,skilled,1,none,yes,Good Risk
0 <= x < 200 DM,18,existing paid back,car (new),5866,100 <= x < 500 DM,1 <= x < 4 yrs,2,male:single,none,2,car,30,none,own,2,skilled,1,yes,yes,Good Risk
no checking account,12,critical account,business,1264,no savings,>= 7 yrs,4,male:single,none,4,no property,57,none,rent,1,unskilled resident,1,none,yes,Good Risk
>= 200 DM,12,existing paid back,furniture/equip,1474,< 100 DM,< 1 yr,4,female:div/dep/mar,none,1,life insurance,33,bank,own,1,high qual/mgmt,1,yes,yes,Good Risk
0 <= x < 200 DM,45,critical account,radio/tv,4746,< 100 DM,< 1 yr,4,male:single,none,2,life insurance,25,none,own,2,unskilled resident,1,none,yes,Bad Risk
no checking account,48,critical account,education,6110,< 100 DM,1 <= x < 4 yrs,1,male:single,none,3,no property,31,bank,for free,1,skilled,1,yes,yes,Good Risk
>= 200 DM,18,existing paid back,radio/tv,2100,< 100 DM,1 <= x < 4 yrs,4,male:single,co-applicant,2,real estate,37,stores,own,1,skilled,1,none,yes,Bad Risk
>= 200 DM,10,existing paid back,domestic appliances,1225,< 100 DM,1 <= x < 4 yrs,2,male:single,none,2,car,37,none,own,1,skilled,1,yes,yes,Good Risk
0 <= x < 200 DM,9,existing paid back,radio/tv,458,< 100 DM,1 <= x < 4 yrs,4,male:single,none,3,real estate,24,none,own,1,skilled,1,none,yes,Good Risk
no checking account,30,existing paid back,radio/tv,2333,500 <= x < 1000 DM,>= 7 yrs,4,male:single,none,2,car,30,bank,own,1,high qual/mgmt,1,none,yes,Good Risk
0 <= x < 200 DM,12,existing paid back,radio/tv,1158,500 <= x < 1000 DM,1 <= x < 4 yrs,3,male:divorced,none,1,car,26,none,own,1,skilled,1,yes,yes,Good Risk
0 <= x < 200 DM,18,delay in past,repairs,6204,< 100 DM,1 <= x < 4 yrs,2,male:single,none,4,real estate,44,none,own,1,unskilled resident,2,yes,yes,Good Risk
< 0 DM,30,critical account,car (used),6187,100 <= x < 500 DM,4 <= x < 7 yrs,1,male:mar/wid,none,4,car,24,none,rent,2,skilled,1,none,yes,Good Risk
< 0 DM,48,critical account,car (used),6143,< 100 DM,>= 7 yrs,4,female:div/dep/mar,none,4,no property,58,stores,for free,2,unskilled resident,1,none,yes,Bad Risk
no checking account,11,critical account,car (new),1393,< 100 DM,< 1 yr,4,female:div/dep/mar,none,4,car,35,none,own,2,high qual/mgmt,1,none,yes,Good Risk
no checking account,36,existing paid back,radio/tv,2299,500 <= x < 1000 DM,>= 7 yrs,4,male:single,none,4,car,39,none,own,1,skilled,1,none,yes,Good Risk
< 0 DM,6,existing paid back,car (used),1352,500 <= x < 1000 DM,unemployed,1,female:div/dep/mar,none,2,life insurance,23,none,rent,1,unemp/unskilled non-res,1,yes,yes,Good Risk
no checking account,11,critical account,car (new),7228,< 100 DM,1 <= x < 4 yrs,1,male:single,none,4,life insurance,39,none,own,2,unskilled resident,1,none,yes,Good Risk
no checking account,12,existing paid back,radio/tv,2073,100 <= x < 500 DM,1 <= x < 4 yrs,4,female:div/dep/mar,co-applicant,2,real estate,28,none,own,1,skilled,1,none,yes,Good Risk
0 <= x < 200 DM,24,delay in past,furniture/equip,2333,no savings,< 1 yr,4,male:single,none,2,life insurance,29,bank,own,1,unskilled resident,1,none,yes,Good Risk
0 <= x < 200 DM,27,delay in past,car (used),5965,< 100 DM,>= 7 yrs,1,male:single,none,2,car,30,none,own,2,high qual/mgmt,1,yes,yes,Good Risk
no checking account,12,existing paid back,radio/tv,1262,< 100 DM,1 <= x < 4 yrs,3,male:single,none,2,car,25,none,own,1,skilled,1,none,yes,Good Risk
no checking account,18,existing paid back,car (used),3378,no savings,1 <= x < 4 yrs,2,male:single,none,1,life insurance,31,none,own,1,skilled,1,yes,yes,Good Risk
0 <= x < 200 DM,36,delay in past,car (new),2225,< 100 DM,>= 7 yrs,4,male:single,none,4,no property,57,bank,for free,2,skilled,1,yes,yes,Bad Risk
no checking account,6,all paid back here,car (new),783,no savings,1 <= x < 4 yrs,1,male:single,guarantor,2,real estate,26,stores,own,1,unskilled resident,2,none,yes,Good Risk
0 <= x < 200 DM,12,existing paid back,radio/tv,6468,no savings,unemployed,2,male:single,none,1,no property,52,none,own,1,high qual/mgmt,1,yes,yes,Bad Risk
no checking account,36,critical account,radio/tv,9566,< 100 DM,1 <= x < 4 yrs,2,female:div/dep/mar,none,2,car,31,stores,own,2,skilled,1,none,yes,Good Risk
>= 200 DM,18,existing paid back,car (new),1961,< 100 DM,>= 7 yrs,3,female:div/dep/mar,none,2,car,23,none,own,1,high qual/mgmt,1,none,yes,Good Risk
< 0 DM,36,critical account,furniture/equip,6229,< 100 DM,< 1 yr,4,female:div/dep/mar,co-applicant,4,no property,23,none,rent,2,unskilled resident,1,yes,yes,Bad Risk
0 <= x < 200 DM,9,existing paid back,business,1391,< 100 DM,1 <= x < 4 yrs,2,male:mar/wid,none,1,real estate,27,bank,own,1,skilled,1,yes,yes,Good Risk
0 <= x < 200 DM,15,critical account,radio/tv,1537,no savings,>= 7 yrs,4,male:single,guarantor,4,real estate,50,none,own,2,skilled,1,yes,yes,Good Risk
0 <= x < 200 DM,36,no credits/all paid,business,1953,< 100 DM,>= 7 yrs,4,male:single,none,4,no property,61,none,for free,1,high qual/mgmt,1,yes,yes,Bad Risk
0 <= x < 200 DM,48,no credits/all paid,business,14421,< 100 DM,1 <= x < 4 yrs,2,male:single,none,2,car,25,none,own,1,skilled,1,yes,yes,Bad Risk
no checking account,24,existing paid back,radio/tv,3181,< 100 DM,< 1 yr,4,female:div/dep/mar,none,4,life insurance,26,none,own,1,skilled,1,yes,yes,Good Risk
no checking account,27,existing paid back,repairs,5190,no savings,>= 7 yrs,4,male:single,none,4,life insurance,48,none,own,4,skilled,2,yes,yes,Good Risk
no checking account,12,existing paid back,radio/tv,2171,< 100 DM,< 1 yr,2,female:div/dep/mar,none,2,car,29,bank,own,1,skilled,1,none,yes,Good Risk
0 <= x < 200 DM,12,existing paid back,car (new),1007,>= 1000 DM,1 <= x < 4 yrs,4,male:mar/wid,none,1,real estate,22,none,own,1,skilled,1,none,yes,Good Risk
no checking account,36,existing paid back,education,1819,< 100 DM,1 <= x < 4 yrs,4,male:single,none,4,no property,37,stores,for free,1,skilled,1,yes,yes,Bad Risk
no checking account,36,existing paid back,radio/tv,2394,no savings,1 <= x < 4 yrs,4,female:div/dep/mar,none,4,car,25,none,own,1,skilled,1,none,yes,Good Risk
no checking account,36,existing paid back,car (used),8133,< 100 DM,1 <= x < 4 yrs,1,female:div/dep/mar,none,2,life insurance,30,bank,own,1,skilled,1,none,yes,Good Risk
no checking account,7,critical account,radio/tv,730,no savings,>= 7 yrs,4,male:single,none,2,life insurance,46,none,rent,2,unskilled resident,1,yes,yes,Good Risk
< 0 DM,8,critical account,others,1164,< 100 DM,>= 7 yrs,3,male:single,none,4,no property,51,bank,for free,2,high qual/mgmt,2,yes,yes,Good Risk
0 <= x < 200 DM,42,critical account,business,5954,< 100 DM,4 <= x < 7 yrs,2,female:div/dep/mar,none,1,real estate,41,bank,own,2,unskilled resident,1,none,yes,Good Risk
< 0 DM,36,existing paid back,education,1977,no savings,>= 7 yrs,4,male:single,none,4,no property,40,none,own,1,high qual/mgmt,1,yes,yes,Bad Risk
< 0 DM,12,critical account,car (used),1526,< 100 DM,>= 7 yrs,4,male:single,none,4,no property,66,none,for free,2,high qual/mgmt,1,none,yes,Good Risk
< 0 DM,42,existing paid back,radio/tv,3965,< 100 DM,< 1 yr,4,male:single,none,3,car,34,none,own,1,skilled,1,none,yes,Bad Risk
0 <= x < 200 DM,11,delay in past,radio/tv,4771,< 100 DM,4 <= x < 7 yrs,2,male:single,none,4,life insurance,51,none,own,1,skilled,1,none,yes,Good Risk
no checking account,54,no credits/all paid,car (used),9436,no savings,1 <= x < 4 yrs,2,male:single,none,2,life insurance,39,none,own,1,unskilled resident,2,none,yes,Good Risk
0 <= x < 200 DM,30,existing paid back,furniture/equip,3832,< 100 DM,< 1 yr,2,male:mar/wid,none,1,life insurance,22,none,own,1,skilled,1,none,yes,Good Risk
no checking account,24,existing paid back,radio/tv,5943,no savings,< 1 yr,1,female:div/dep/mar,none,1,car,44,none,own,2,skilled,1,yes,yes,Bad Risk
no checking account,15,existing paid back,radio/tv,1213,500 <= x < 1000 DM,>= 7 yrs,4,male:single,none,3,life insurance,47,stores,own,1,skilled,1,yes,yes,Good Risk
no checking account,18,existing paid back,business,1568,100 <= x < 500 DM,1 <= x < 4 yrs,3,female:div/dep/mar,none,4,life insurance,24,none,rent,1,unskilled resident,1,none,yes,Good Risk
< 0 DM,24,existing paid back,others,1755,< 100 DM,>= 7 yrs,4,female:div/dep/mar,guarantor,4,real estate,58,none,own,1,unskilled resident,1,yes,yes,Good Risk
< 0 DM,10,existing paid back,radio/tv,2315,< 100 DM,>= 7 yrs,3,male:single,none,4,real estate,52,none,own,1,unskilled resident,1,none,yes,Good Risk
no checking account,12,critical account,business,1412,< 100 DM,1 <= x < 4 yrs,4,female:div/dep/mar,guarantor,2,real estate,29,none,own,2,high qual/mgmt,1,yes,yes,Good Risk
0 <= x < 200 DM,18,critical account,furniture/equip,1295,< 100 DM,< 1 yr,4,female:div/dep/mar,none,1,life insurance,27,none,own,2,skilled,1,none,yes,Good Risk
0 <= x < 200 DM,36,existing paid back,education,12612,100 <= x < 500 DM,1 <= x < 4 yrs,1,male:single,none,4,no property,47,none,for free,1,skilled,2,yes,yes,Bad Risk
< 0 DM,18,existing paid back,car (new),2249,100 <= x < 500 DM,4 <= x < 7 yrs,4,male:single,none,3,car,30,none,own,1,high qual/mgmt,2,yes,yes,Good Risk
< 0 DM,12,no credits/all paid,repairs,1108,< 100 DM,4 <= x < 7 yrs,4,male:single,none,3,real estate,28,none,own,2,skilled,1,none,yes,Bad Risk
no checking account,12,critical account,radio/tv,618,< 100 DM,>= 7 yrs,4,male:single,none,4,real estate,56,none,own,1,skilled,1,none,yes,Good Risk
< 0 DM,12,critical account,car (used),1409,< 100 DM,>= 7 yrs,4,male:single,none,3,real estate,54,none,own,1,skilled,1,none,yes,Good Risk
no checking account,12,critical account,radio/tv,797,no savings,>= 7 yrs,4,female:div/dep/mar,none,3,life insurance,33,bank,own,1,unskilled resident,2,none,yes,Bad Risk
>= 200 DM,24,critical account,furniture/equip,3617,no savings,>= 7 yrs,4,male:single,co-applicant,4,no property,20,none,rent,2,skilled,1,none,yes,Good Risk
0 <= x < 200 DM,12,existing paid back,car (new),1318,>= 1000 DM,>= 7 yrs,4,male:single,none,4,real estate,54,none,own,1,skilled,1,yes,yes,Good Risk
0 <= x < 200 DM,54,no credits/all paid,business,15945,< 100 DM,< 1 yr,3,male:single,none,4,no property,58,none,rent,1,skilled,1,yes,yes,Bad Risk
no checking account,12,critical account,education,2012,no savings,4 <= x < 7 yrs,4,female:div/dep/mar,none,2,car,61,none,own,1,skilled,1,none,yes,Good Risk
0 <= x < 200 DM,18,existing paid back,business,2622,100 <= x < 500 DM,1 <= x < 4 yrs,4,male:single,none,4,car,34,none,own,1,skilled,1,none,yes,Good Risk
0 <= x < 200 DM,36,critical account,radio/tv,2337,< 100 DM,>= 7 yrs,4,male:single,none,4,real estate,36,none,own,1,skilled,1,none,yes,Good Risk
0 <= x < 200 DM,20,delay in past,car (used),7057,no savings,4 <= x < 7 yrs,3,male:single,none,4,life insurance,36,bank,rent,2,high qual/mgmt,2,yes,yes,Good Risk
no checking account,24,existing paid back,car (new),1469,100 <= x < 500 DM,>= 7 yrs,4,male:mar/wid,none,4,real estate,41,none,rent,1,unskilled resident,1,none,yes,Good Risk
0 <= x < 200 DM,36,existing paid back,radio/tv,2323,< 100 DM,4 <= x < 7 yrs,4,male:single,none,4,car,24,none,rent,1,skilled,1,none,yes,Good Risk
no checking account,6,delay in past,radio/tv,932,< 100 DM,1 <= x < 4 yrs,3,female:div/dep/mar,none,2,real estate,24,none,own,1,skilled,1,none,yes,Good Risk
0 <= x < 200 DM,9,critical account,furniture/equip,1919,< 100 DM,4 <= x < 7 yrs,4,male:single,none,3,car,35,none,rent,1,skilled,1,yes,yes,Good Risk
no checking account,12,existing paid back,car (used),2445,no savings,< 1 yr,2,male:mar/wid,none,4,car,26,none,rent,1,skilled,1,yes,yes,Good Risk
0 <= x < 200 DM,24,critical account,others,11938,< 100 DM,1 <= x < 4 yrs,2,male:single,co-applicant,3,car,39,none,own,2,high qual/mgmt,2,yes,yes,Bad Risk
no checking account,18,all paid back here,car (new),6458,< 100 DM,>= 7 yrs,2,male:single,none,4,no property,39,bank,own,2,high qual/mgmt,2,yes,yes,Bad Risk
0 <= x < 200 DM,12,existing paid back,car (new),6078,< 100 DM,4 <= x < 7 yrs,2,male:single,none,2,car,32,none,own,1,skilled,1,none,yes,Good Risk
< 0 DM,24,existing paid back,furniture/equip,7721,no savings,< 1 yr,1,female:div/dep/mar,none,2,life insurance,30,none,own,1,skilled,1,yes,no,Good Risk
0 <= x < 200 DM,14,existing paid back,business,1410,500 <= x < 1000 DM,>= 7 yrs,1,male:mar/wid,none,2,real estate,35,none,own,1,skilled,1,yes,yes,Good Risk
0 <= x < 200 DM,6,delay in past,business,1449,100 <= x < 500 DM,>= 7 yrs,1,male:divorced,none,2,car,31,bank,own,2,skilled,2,none,yes,Good Risk
>= 200 DM,15,existing paid back,education,392,< 100 DM,< 1 yr,4,female:div/dep/mar,none,4,life insurance,23,none,rent,1,skilled,1,yes,yes,Good Risk
0 <= x < 200 DM,18,existing paid back,car (new),6260,< 100 DM,4 <= x < 7 yrs,3,male:single,none,3,real estate,28,none,rent,1,unskilled resident,1,none,yes,Good Risk
no checking account,36,critical account,car (new),7855,< 100 DM,1 <= x < 4 yrs,4,female:div/dep/mar,none,2,real estate,25,stores,own,2,skilled,1,yes,yes,Bad Risk
< 0 DM,12,existing paid back,radio/tv,1680,500 <= x < 1000 DM,>= 7 yrs,3,male:mar/wid,none,1,real estate,35,none,own,1,skilled,1,none,yes,Good Risk
no checking account,48,critical account,radio/tv,3578,no savings,>= 7 yrs,4,male:single,none,1,real estate,47,none,own,1,skilled,1,yes,yes,Good Risk
< 0 DM,42,existing paid back,radio/tv,7174,no savings,4 <= x < 7 yrs,4,female:div/dep/mar,none,3,car,30,none,own,1,high qual/mgmt,1,yes,yes,Bad Risk
< 0 DM,10,critical account,furniture/equip,2132,no savings,< 1 yr,2,female:div/dep/mar,co-applicant,3,real estate,27,none,rent,2,skilled,1,none,no,Good Risk
< 0 DM,33,critical account,furniture/equip,4281,500 <= x < 1000 DM,1 <= x < 4 yrs,1,female:div/dep/mar,none,4,car,23,none,own,2,skilled,1,none,yes,Bad Risk
0 <= x < 200 DM,12,critical account,car (new),2366,500 <= x < 1000 DM,4 <= x < 7 yrs,3,male:divorced,none,3,car,36,none,own,1,high qual/mgmt,1,yes,yes,Good Risk
< 0 DM,21,existing paid back,radio/tv,1835,< 100 DM,1 <= x < 4 yrs,3,female:div/dep/mar,none,2,real estate,25,none,own,2,skilled,1,yes,yes,Bad Risk
no checking account,24,critical account,car (used),3868,< 100 DM,>= 7 yrs,4,female:div/dep/mar,none,2,car,41,none,rent,2,high qual/mgmt,1,yes,yes,Good Risk
no checking account,12,existing paid back,furniture/equip,1768,< 100 DM,1 <= x < 4 yrs,3,male:single,none,2,real estate,24,none,rent,1,unskilled resident,1,none,yes,Good Risk
>= 200 DM,10,critical account,car (new),781,< 100 DM,>= 7 yrs,4,male:single,none,4,no property,63,none,for free,2,skilled,1,yes,yes,Good Risk
0 <= x < 200 DM,18,existing paid back,furniture/equip,1924,no savings,< 1 yr,4,female:div/dep/mar,none,3,real estate,27,none,rent,1,skilled,1,none,yes,Bad Risk
< 0 DM,12,critical account,car (new),2121,< 100 DM,1 <= x < 4 yrs,4,male:single,none,2,life insurance,30,none,own,2,skilled,1,none,yes,Good Risk
< 0 DM,12,existing paid back,radio/tv,701,< 100 DM,1 <= x < 4 yrs,4,male:mar/wid,none,2,real estate,40,none,own,1,unskilled resident,1,none,yes,Good Risk
0 <= x < 200 DM,12,existing paid back,repairs,639,< 100 DM,1 <= x < 4 yrs,4,male:single,none,2,car,30,none,own,1,skilled,1,none,yes,Bad Risk
0 <= x < 200 DM,12,critical account,car (used),1860,< 100 DM,unemployed,4,male:single,none,2,car,34,none,own,2,high qual/mgmt,1,yes,yes,Good Risk
< 0 DM,12,critical account,car (new),3499,< 100 DM,1 <= x < 4 yrs,3,female:div/dep/mar,co-applicant,2,real estate,29,none,own,2,skilled,1,none,yes,Bad Risk
0 <= x < 200 DM,48,existing paid back,car (new),8487,no savings,4 <= x < 7 yrs,1,female:div/dep/mar,none,2,car,24,none,own,1,skilled,1,none,yes,Good Risk
< 0 DM,36,delay in past,education,6887,< 100 DM,1 <= x < 4 yrs,4,male:single,none,3,life insurance,29,stores,own,1,skilled,1,yes,yes,Bad Risk
no checking account,15,existing paid back,furniture/equip,2708,< 100 DM,< 1 yr,2,male:single,none,3,life insurance,27,bank,own,2,unskilled resident,1,none,yes,Good Risk
no checking account,18,existing paid back,furniture/equip,1984,< 100 DM,1 <= x < 4 yrs,4,male:single,none,4,no property,47,bank,for free,2,skilled,1,none,yes,Good Risk
no checking account,60,existing paid back,radio/tv,10144,100 <= x < 500 DM,4 <= x < 7 yrs,2,female:div/dep/mar,none,4,real estate,21,none,own,1,skilled,1,yes,yes,Good Risk
no checking account,12,critical account,radio/tv,1240,no savings,>= 7 yrs,4,female:div/dep/mar,none,2,real estate,38,none,own,2,skilled,1,yes,yes,Good Risk
no checking account,27,delay in past,car (used),8613,>= 1000 DM,1 <= x < 4 yrs,2,male:single,none,2,car,27,none,own,2,skilled,1,none,yes,Good Risk
0 <= x < 200 DM,12,existing paid back,radio/tv,766,500 <= x < 1000 DM,1 <= x < 4 yrs,4,male:single,none,3,real estate,66,none,own,1,unskilled resident,1,none,yes,Bad Risk
0 <= x < 200 DM,15,critical account,radio/tv,2728,no savings,4 <= x < 7 yrs,4,male:single,guarantor,2,real estate,35,bank,own,3,skilled,1,yes,yes,Good Risk
>= 200 DM,12,existing paid back,radio/tv,1881,< 100 DM,1 <= x < 4 yrs,2,female:div/dep/mar,none,2,car,44,none,rent,1,unskilled resident,1,yes,yes,Good Risk
>= 200 DM,6,existing paid back,car (new),709,>= 1000 DM,< 1 yr,2,male:mar/wid,none,2,real estate,27,none,own,1,unemp/unskilled non-res,1,none,no,Good Risk
0 <= x < 200 DM,36,existing paid back,radio/tv,4795,< 100 DM,< 1 yr,4,female:div/dep/mar,none,1,no property,30,none,own,1,high qual/mgmt,1,yes,yes,Good Risk
< 0 DM,27,existing paid back,radio/tv,3416,< 100 DM,1 <= x < 4 yrs,3,male:single,none,2,car,27,none,own,1,high qual/mgmt,1,none,yes,Good Risk
< 0 DM,18,existing paid back,furniture/equip,2462,< 100 DM,1 <= x < 4 yrs,2,male:single,none,2,car,22,none,own,1,skilled,1,none,yes,Bad Risk
no checking account,21,critical account,furniture/equip,2288,< 100 DM,< 1 yr,4,female:div/dep/mar,none,4,life insurance,23,none,own,1,skilled,1,yes,yes,Good Risk
0 <= x < 200 DM,48,all paid back here,business,3566,100 <= x < 500 DM,4 <= x < 7 yrs,4,male:single,none,2,car,30,none,own,1,skilled,1,none,yes,Good Risk
< 0 DM,6,critical account,car (new),860,< 100 DM,>= 7 yrs,1,female:div/dep/mar,none,4,no property,39,none,own,2,skilled,1,yes,yes,Good Risk
no checking account,12,critical account,car (new),682,100 <= x < 500 DM,4 <= x < 7 yrs,4,female:div/dep/mar,none,3,car,51,none,own,2,skilled,1,yes,yes,Good Risk
< 0 DM,36,critical account,furniture/equip,5371,< 100 DM,1 <= x < 4 yrs,3,male:single,guarantor,2,life insurance,28,none,own,2,skilled,1,none,yes,Good Risk
no checking account,18,critical account,radio/tv,1582,>= 1000 DM,>= 7 yrs,4,male:single,none,4,car,46,none,own,2,skilled,1,none,yes,Good Risk
no checking account,6,existing paid back,radio/tv,1346,100 <= x < 500 DM,>= 7 yrs,2,male:single,none,4,no property,42,bank,for free,1,skilled,2,yes,yes,Good Risk
no checking account,10,existing paid back,radio/tv,1924,< 100 DM,1 <= x < 4 yrs,1,male:single,none,4,life insurance,38,none,own,1,skilled,1,yes,no,Good Risk
>= 200 DM,36,existing paid back,radio/tv,5848,< 100 DM,1 <= x < 4 yrs,4,male:single,none,1,car,24,none,own,1,skilled,1,none,yes,Good Risk
0 <= x < 200 DM,24,critical account,car (used),7758,>= 1000 DM,>= 7 yrs,2,female:div/dep/mar,none,4,no property,29,none,rent,1,skilled,1,none,yes,Good Risk
0 <= x < 200 DM,24,delay in past,business,6967,100 <= x < 500 DM,4 <= x < 7 yrs,4,male:single,none,4,car,36,none,rent,1,high qual/mgmt,1,yes,yes,Good Risk
< 0 DM,12,existing paid back,furniture/equip,1282,< 100 DM,1 <= x < 4 yrs,2,female:div/dep/mar,none,4,car,20,none,rent,1,skilled,1,none,yes,Bad Risk
< 0 DM,9,critical account,repairs,1288,100 <= x < 500 DM,>= 7 yrs,3,male:single,guarantor,4,real estate,48,none,own,2,skilled,2,none,no,Good Risk
< 0 DM,12,all paid back here,retraining,339,< 100 DM,>= 7 yrs,4,male:mar/wid,none,1,car,45,bank,own,1,unskilled resident,1,none,yes,Good Risk
0 <= x < 200 DM,24,existing paid back,car (new),3512,100 <= x < 500 DM,4 <= x < 7 yrs,2,male:single,none,3,car,38,bank,own,2,skilled,1,yes,yes,Good Risk
no checking account,6,critical account,radio/tv,1898,no savings,1 <= x < 4 yrs,1,male:single,none,2,real estate,34,none,own,2,unskilled resident,2,none,yes,Good Risk
no checking account,24,critical account,radio/tv,2872,100 <= x < 500 DM,>= 7 yrs,3,male:single,none,4,real estate,36,none,own,1,skilled,2,yes,yes,Good Risk
no checking account,18,critical account,car (new),1055,< 100 DM,< 1 yr,4,female:div/dep/mar,none,1,life insurance,30,none,own,2,skilled,1,none,yes,Good Risk
no checking account,15,existing paid back,domestic appliances,1262,500 <= x < 1000 DM,4 <= x < 7 yrs,4,male:single,none,3,life insurance,36,none,own,2,skilled,1,yes,yes,Good Risk
0 <= x < 200 DM,10,existing paid back,car (new),7308,< 100 DM,unemployed,2,male:single,none,4,no property,70,bank,for free,1,high qual/mgmt,1,yes,yes,Good Risk
no checking account,36,existing paid back,car (new),909,500 <= x < 1000 DM,>= 7 yrs,4,male:single,none,4,life insurance,36,none,own,1,skilled,1,none,yes,Good Risk
no checking account,6,existing paid back,furniture/equip,2978,500 <= x < 1000 DM,1 <= x < 4 yrs,1,male:single,none,2,car,32,none,own,1,skilled,1,yes,yes,Good Risk
< 0 DM,18,existing paid back,furniture/equip,1131,< 100 DM,unemployed,4,female:div/dep/mar,none,2,car,33,none,own,1,skilled,1,none,yes,Bad Risk
0 <= x < 200 DM,11,existing paid back,furniture/equip,1577,>= 1000 DM,< 1 yr,4,female:div/dep/mar,none,1,real estate,20,none,own,1,skilled,1,none,yes,Good Risk
no checking account,24,existing paid back,furniture/equip,3972,< 100 DM,4 <= x < 7 yrs,2,female:div/dep/mar,none,4,life insurance,25,none,rent,1,skilled,1,yes,yes,Good Risk
0 <= x < 200 DM,24,critical account,business,1935,< 100 DM,>= 7 yrs,4,male:divorced,none,4,real estate,31,none,own,2,skilled,1,yes,yes,Bad Risk
< 0 DM,15,no credits/all paid,car (new),950,< 100 DM,>= 7 yrs,4,male:single,none,3,car,33,none,rent,2,skilled,2,none,yes,Bad Risk
no checking account,12,existing paid back,furniture/equip,763,< 100 DM,1 <= x < 4 yrs,4,female:div/dep/mar,none,1,real estate,26,none,own,1,skilled,1,yes,yes,Good Risk
0 <= x < 200 DM,24,delay in past,furniture/equip,2064,< 100 DM,unemployed,3,female:div/dep/mar,none,2,life insurance,34,none,own,1,high qual/mgmt,1,yes,yes,Bad Risk
0 <= x < 200 DM,8,existing paid back,radio/tv,1414,< 100 DM,1 <= x < 4 yrs,4,male:single,guarantor,2,real estate,33,none,own,1,skilled,1,none,no,Good Risk
< 0 DM,21,delay in past,education,3414,< 100 DM,< 1 yr,2,male:single,none,1,life insurance,26,none,own,2,skilled,1,none,yes,Bad Risk
no checking account,30,all paid back here,car (used),7485,no savings,unemployed,4,female:div/dep/mar,none,1,real estate,53,bank,own,1,high qual/mgmt,1,yes,yes,Bad Risk
< 0 DM,12,existing paid back,furniture/equip,2577,< 100 DM,1 <= x < 4 yrs,2,male:divorced,none,1,car,42,none,own,1,skilled,1,none,yes,Good Risk
< 0 DM,6,critical account,radio/tv,338,500 <= x < 1000 DM,>= 7 yrs,4,male:single,none,4,car,52,none,own,2,skilled,1,none,yes,Good Risk
no checking account,12,existing paid back,radio/tv,1963,< 100 DM,4 <= x < 7 yrs,4,male:single,none,2,car,31,none,rent,2,high qual/mgmt,2,yes,yes,Good Risk
< 0 DM,21,critical account,car (new),571,< 100 DM,>= 7 yrs,4,male:single,none,4,real estate,65,none,own,2,skilled,1,none,yes,Good Risk
no checking account,36,delay in past,business,9572,< 100 DM,< 1 yr,1,male:divorced,none,1,car,28,none,own,2,skilled,1,none,yes,Bad Risk
0 <= x < 200 DM,36,delay in past,business,4455,< 100 DM,1 <= x < 4 yrs,2,male:divorced,none,2,real estate,30,stores,own,2,high qual/mgmt,1,yes,yes,Bad Risk
< 0 DM,21,all paid back here,car (new),1647,no savings,1 <= x < 4 yrs,4,male:single,none,2,life insurance,40,none,own,2,unskilled resident,2,none,yes,Bad Risk
no checking account,24,critical account,furniture/equip,3777,>= 1000 DM,1 <= x < 4 yrs,4,male:single,none,4,real estate,50,none,own,1,skilled,1,yes,yes,Good Risk
0 <= x < 200 DM,18,critical account,car (new),884,< 100 DM,>= 7 yrs,4,male:single,none,4,car,36,bank,own,1,skilled,2,yes,yes,Bad Risk
no checking account,15,critical account,radio/tv,1360,< 100 DM,1 <= x < 4 yrs,4,male:single,none,2,life insurance,31,none,own,2,skilled,1,none,yes,Good Risk
0 <= x < 200 DM,9,all paid back here,car (used),5129,< 100 DM,>= 7 yrs,2,female:div/dep/mar,none,4,no property,74,bank,for free,1,high qual/mgmt,2,yes,yes,Bad Risk
0 <= x < 200 DM,16,critical account,car (new),1175,< 100 DM,unemployed,2,male:single,none,3,car,68,none,for free,3,unemp/unskilled non-res,1,yes,yes,Good Risk
< 0 DM,12,existing paid back,radio/tv,674,100 <= x < 500 DM,4 <= x < 7 yrs,4,male:mar/wid,none,1,life insurance,20,none,own,1,skilled,1,none,yes,Bad Risk
0 <= x < 200 DM,18,no credits/all paid,furniture/equip,3244,< 100 DM,1 <= x < 4 yrs,1,female:div/dep/mar,none,4,car,33,bank,own,2,skilled,1,yes,yes,Good Risk
no checking account,24,existing paid back,business,4591,>= 1000 DM,1 <= x < 4 yrs,2,male:single,none,3,life insurance,54,none,own,3,high qual/mgmt,1,yes,yes,Bad Risk
0 <= x < 200 DM,48,no credits/all paid,business,3844,100 <= x < 500 DM,4 <= x < 7 yrs,4,male:single,none,4,no property,34,none,for free,1,unskilled resident,2,none,yes,Bad Risk
0 <= x < 200 DM,27,existing paid back,business,3915,< 100 DM,1 <= x < 4 yrs,4,male:single,none,2,car,36,none,own,1,skilled,2,yes,yes,Bad Risk
no checking account,6,existing paid back,radio/tv,2108,< 100 DM,4 <= x < 7 yrs,2,male:mar/wid,none,2,real estate,29,none,rent,1,skilled,1,none,yes,Good Risk
0 <= x < 200 DM,45,existing paid back,radio/tv,3031,100 <= x < 500 DM,1 <= x < 4 yrs,4,male:single,guarantor,4,life insurance,21,none,rent,1,skilled,1,none,yes,Bad Risk
0 <= x < 200 DM,9,critical account,education,1501,< 100 DM,>= 7 yrs,2,female:div/dep/mar,none,3,car,34,none,own,2,high qual/mgmt,1,yes,yes,Bad Risk
no checking account,6,critical account,radio/tv,1382,< 100 DM,1 <= x < 4 yrs,1,female:div/dep/mar,none,1,car,28,none,own,2,skilled,1,yes,yes,Good Risk
0 <= x < 200 DM,12,existing paid back,furniture/equip,951,100 <= x < 500 DM,< 1 yr,4,female:div/dep/mar,none,4,car,27,bank,rent,4,skilled,1,none,yes,Bad Risk
0 <= x < 200 DM,24,existing paid back,car (used),2760,no savings,>= 7 yrs,4,male:single,none,4,no property,36,bank,for free,1,skilled,1,yes,yes,Good Risk
0 <= x < 200 DM,18,delay in past,furniture/equip,4297,< 100 DM,>= 7 yrs,4,male:divorced,none,3,no property,40,none,own,1,high qual/mgmt,1,yes,yes,Bad Risk
no checking account,9,critical account,education,936,500 <= x < 1000 DM,>= 7 yrs,4,male:single,none,2,car,52,none,own,2,skilled,1,yes,yes,Good Risk
< 0 DM,12,existing paid back,car (new),1168,< 100 DM,1 <= x < 4 yrs,4,male:mar/wid,none,3,real estate,27,none,own,1,unskilled resident,1,none,yes,Good Risk
no checking account,27,delay in past,business,5117,< 100 DM,4 <= x < 7 yrs,3,male:single,none,4,car,26,none,own,2,skilled,1,none,yes,Good Risk
< 0 DM,12,existing paid back,retraining,902,< 100 DM,4 <= x < 7 yrs,4,male:mar/wid,none,4,life insurance,21,none,rent,1,skilled,1,none,yes,Bad Risk
no checking account,12,critical account,car (new),1495,< 100 DM,>= 7 yrs,4,male:single,none,1,real estate,38,none,own,2,unskilled resident,2,none,yes,Good Risk
< 0 DM,30,critical account,car (used),10623,< 100 DM,>= 7 yrs,3,male:single,none,4,no property,38,none,for free,3,high qual/mgmt,2,yes,yes,Good Risk
no checking account,12,critical account,furniture/equip,1935,< 100 DM,>= 7 yrs,4,male:single,none,4,real estate,43,none,own,3,skilled,1,yes,yes,Good Risk
0 <= x < 200 DM,12,critical account,domestic appliances,1424,< 100 DM,4 <= x < 7 yrs,4,male:single,none,3,life insurance,26,none,own,1,skilled,1,none,yes,Good Risk
< 0 DM,24,existing paid back,business,6568,< 100 DM,1 <= x < 4 yrs,2,male:mar/wid,none,2,car,21,stores,own,1,unskilled resident,1,none,yes,Good Risk
no checking account,12,existing paid back,car (used),1413,>= 1000 DM,4 <= x < 7 yrs,3,male:single,none,2,life insurance,55,none,own,1,skilled,1,none,no,Good Risk
no checking account,9,critical account,radio/tv,3074,no savings,1 <= x < 4 yrs,1,male:single,none,2,real estate,33,none,own,2,skilled,2,none,yes,Good Risk
no checking account,36,existing paid back,radio/tv,3835,no savings,>= 7 yrs,2,female:div/dep/mar,none,4,real estate,45,none,own,1,unskilled resident,1,yes,yes,Good Risk
< 0 DM,27,no credits/all paid,business,5293,< 100 DM,unemployed,2,male:single,none,4,life insurance,50,stores,own,2,skilled,1,yes,yes,Bad Risk
>= 200 DM,30,delay in past,business,1908,< 100 DM,>= 7 yrs,4,male:single,none,4,real estate,66,none,own,1,high qual/mgmt,1,yes,yes,Bad Risk
no checking account,36,critical account,radio/tv,3342,no savings,>= 7 yrs,4,male:single,none,2,car,51,none,own,1,skilled,1,yes,yes,Good Risk
0 <= x < 200 DM,6,critical account,retraining,932,no savings,4 <= x < 7 yrs,1,female:div/dep/mar,none,3,life insurance,39,none,own,2,unskilled resident,1,none,yes,Good Risk
< 0 DM,18,no credits/all paid,business,3104,< 100 DM,4 <= x < 7 yrs,3,male:single,none,1,life insurance,31,bank,own,1,skilled,1,yes,yes,Good Risk
>= 200 DM,36,existing paid back,radio/tv,3913,< 100 DM,1 <= x < 4 yrs,2,male:single,none,2,real estate,23,none,own,1,skilled,1,yes,yes,Good Risk
< 0 DM,24,existing paid back,furniture/equip,3021,< 100 DM,1 <= x < 4 yrs,2,male:divorced,none,2,real estate,24,none,rent,1,unskilled resident,1,none,yes,Good Risk
no checking account,10,existing paid back,car (new),1364,< 100 DM,1 <= x < 4 yrs,2,female:div/dep/mar,none,4,car,64,none,own,1,skilled,1,yes,yes,Good Risk
0 <= x < 200 DM,12,existing paid back,radio/tv,625,< 100 DM,< 1 yr,4,male:mar/wid,guarantor,1,real estate,26,bank,own,1,unskilled resident,1,none,yes,Good Risk
< 0 DM,12,existing paid back,education,1200,no savings,1 <= x < 4 yrs,4,female:div/dep/mar,none,4,life insurance,23,bank,rent,1,skilled,1,yes,yes,Good Risk
no checking account,12,existing paid back,radio/tv,707,< 100 DM,1 <= x < 4 yrs,4,male:single,none,2,real estate,30,bank,own,2,skilled,1,none,yes,Good Risk
no checking account,24,delay in past,business,2978,no savings,1 <= x < 4 yrs,4,male:single,none,4,real estate,32,none,own,2,skilled,2,yes,yes,Good Risk
no checking account,15,existing paid back,car (used),4657,< 100 DM,1 <= x < 4 yrs,3,male:single,none,2,car,30,none,own,1,skilled,1,yes,yes,Good Risk
no checking account,36,no credits/all paid,repairs,2613,< 100 DM,1 <= x < 4 yrs,4,male:single,none,2,car,27,none,own,2,skilled,1,none,yes,Good Risk
0 <= x < 200 DM,48,existing paid back,radio/tv,10961,>= 1000 DM,4 <= x < 7 yrs,1,male:single,co-applicant,2,no property,27,bank,own,2,skilled,1,yes,yes,Bad Risk
< 0 DM,12,existing paid back,furniture/equip,7865,< 100 DM,>= 7 yrs,4,male:single,none,4,no property,53,none,for free,1,high qual/mgmt,1,yes,yes,Bad Risk
no checking account,9,existing paid back,radio/tv,1478,< 100 DM,4 <= x < 7 yrs,4,male:single,none,2,car,22,none,own,1,skilled,1,none,yes,Bad Risk
< 0 DM,24,existing paid back,furniture/equip,3149,< 100 DM,< 1 yr,4,male:single,none,1,no property,22,bank,for free,1,skilled,1,none,yes,Good Risk
>= 200 DM,36,existing paid back,radio/tv,4210,< 100 DM,1 <= x < 4 yrs,4,male:single,none,2,car,26,none,own,1,skilled,1,none,yes,Bad Risk
no checking account,9,existing paid back,car (new),2507,500 <= x < 1000 DM,>= 7 yrs,2,male:single,none,4,no property,51,none,for free,1,unskilled resident,1,none,yes,Good Risk
no checking account,12,existing paid back,radio/tv,2141,100 <= x < 500 DM,4 <= x < 7 yrs,3,male:single,none,1,no property,35,none,own,1,skilled,1,none,yes,Good Risk
0 <= x < 200 DM,18,existing paid back,radio/tv,866,< 100 DM,1 <= x < 4 yrs,4,male:mar/wid,guarantor,2,real estate,25,none,own,1,unskilled resident,1,none,yes,Good Risk
no checking account,4,critical account,radio/tv,1544,< 100 DM,4 <= x < 7 yrs,2,male:single,none,1,real estate,42,none,own,3,unskilled resident,2,none,yes,Good Risk
< 0 DM,24,existing paid back,radio/tv,1823,< 100 DM,unemployed,4,male:single,none,2,car,30,stores,own,1,high qual/mgmt,2,none,yes,Bad Risk
0 <= x < 200 DM,6,existing paid back,car (new),14555,no savings,unemployed,1,male:single,none,2,life insurance,23,none,own,1,unemp/unskilled non-res,1,yes,yes,Bad Risk
0 <= x < 200 DM,21,existing paid back,business,2767,100 <= x < 500 DM,>= 7 yrs,4,male:divorced,none,2,car,61,bank,rent,2,unskilled resident,1,none,yes,Bad Risk
no checking account,12,critical account,radio/tv,1291,< 100 DM,1 <= x < 4 yrs,4,female:div/dep/mar,none,2,life insurance,35,none,own,2,skilled,1,none,yes,Good Risk
< 0 DM,30,existing paid back,radio/tv,2522,< 100 DM,>= 7 yrs,1,male:single,guarantor,3,life insurance,39,none,own,1,skilled,2,none,yes,Good Risk
< 0 DM,24,existing paid back,car (new),915,no savings,>= 7 yrs,4,female:div/dep/mar,none,2,car,29,bank,own,1,skilled,1,none,yes,Bad Risk
no checking account,6,existing paid back,radio/tv,1595,< 100 DM,4 <= x < 7 yrs,3,male:single,none,2,life insurance,51,none,own,1,skilled,2,none,yes,Good Risk
< 0 DM,48,no credits/all paid,car (used),4605,< 100 DM,>= 7 yrs,3,male:single,none,4,no property,24,none,for free,2,skilled,2,none,yes,Bad Risk
no checking account,12,critical account,business,1185,< 100 DM,1 <= x < 4 yrs,3,female:div/dep/mar,none,2,real estate,27,none,own,2,skilled,1,none,yes,Good Risk
no checking account,12,all paid back here,retraining,3447,500 <= x < 1000 DM,1 <= x < 4 yrs,4,female:div/dep/mar,none,3,real estate,35,none,own,1,unskilled resident,2,none,yes,Good Risk
no checking account,24,existing paid back,business,1258,< 100 DM,4 <= x < 7 yrs,4,male:single,none,1,real estate,25,none,own,1,skilled,1,yes,yes,Good Risk
no checking account,12,critical account,radio/tv,717,< 100 DM,>= 7 yrs,4,male:single,none,4,real estate,52,none,own,3,skilled,1,none,yes,Good Risk
no checking account,6,no credits/all paid,car (new),1204,100 <= x < 500 DM,1 <= x < 4 yrs,4,male:single,none,1,no property,35,bank,rent,1,skilled,1,none,no,Good Risk
>= 200 DM,24,existing paid back,furniture/equip,1925,< 100 DM,1 <= x < 4 yrs,2,male:single,none,2,real estate,26,none,own,1,skilled,1,none,yes,Good Risk
no checking account,18,existing paid back,radio/tv,433,< 100 DM,unemployed,3,female:div/dep/mar,co-applicant,4,real estate,22,none,rent,1,skilled,1,none,yes,Bad Risk
< 0 DM,6,critical account,car (new),666,>= 1000 DM,4 <= x < 7 yrs,3,female:div/dep/mar,none,4,real estate,39,none,own,2,unskilled resident,1,yes,yes,Good Risk
>= 200 DM,12,existing paid back,furniture/equip,2251,< 100 DM,1 <= x < 4 yrs,1,female:div/dep/mar,none,2,car,46,none,own,1,unskilled resident,1,none,yes,Good Risk
0 <= x < 200 DM,30,existing paid back,car (new),2150,< 100 DM,1 <= x < 4 yrs,4,female:div/dep/mar,guarantor,2,no property,24,bank,own,1,skilled,1,none,yes,Bad Risk
no checking account,24,delay in past,furniture/equip,4151,100 <= x < 500 DM,1 <= x < 4 yrs,2,male:single,none,3,life insurance,35,none,own,2,skilled,1,none,yes,Good Risk
0 <= x < 200 DM,9,existing paid back,furniture/equip,2030,no savings,4 <= x < 7 yrs,2,male:single,none,1,car,24,none,own,1,skilled,1,yes,yes,Good Risk
0 <= x < 200 DM,60,delay in past,radio/tv,7418,no savings,1 <= x < 4 yrs,1,male:single,none,1,real estate,27,none,own,1,unskilled resident,1,none,yes,Good Risk
no checking account,24,critical account,radio/tv,2684,< 100 DM,1 <= x < 4 yrs,4,male:single,none,2,real estate,35,none,own,2,unskilled resident,1,none,yes,Good Risk
< 0 DM,12,all paid back here,radio/tv,2149,< 100 DM,1 <= x < 4 yrs,4,male:divorced,none,1,no property,29,none,for free,1,skilled,1,none,yes,Bad Risk
no checking account,15,existing paid back,car (used),3812,100 <= x < 500 DM,< 1 yr,1,female:div/dep/mar,none,4,car,23,none,own,1,skilled,1,yes,yes,Good Risk
no checking account,11,critical account,radio/tv,1154,100 <= x < 500 DM,unemployed,4,female:div/dep/mar,none,4,real estate,57,none,own,3,unskilled resident,1,none,yes,Good Risk
< 0 DM,12,existing paid back,furniture/equip,1657,< 100 DM,1 <= x < 4 yrs,2,male:single,none,2,real estate,27,none,own,1,skilled,1,none,yes,Good Risk
< 0 DM,24,existing paid back,radio/tv,1603,< 100 DM,>= 7 yrs,4,female:div/dep/mar,none,4,car,55,none,own,1,skilled,1,none,yes,Good Risk
< 0 DM,18,critical account,car (new),5302,< 100 DM,>= 7 yrs,2,male:single,none,4,no property,36,none,for free,3,high qual/mgmt,1,yes,yes,Good Risk
no checking account,12,critical account,education,2748,< 100 DM,>= 7 yrs,2,female:div/dep/mar,none,4,no property,57,bank,for free,3,unskilled resident,1,none,yes,Good Risk
no checking account,10,critical account,car (new),1231,< 100 DM,>= 7 yrs,3,male:single,none,4,real estate,32,none,own,2,unskilled resident,2,none,no,Good Risk
0 <= x < 200 DM,15,existing paid back,radio/tv,802,< 100 DM,>= 7 yrs,4,male:single,none,3,car,37,none,own,1,skilled,2,none,yes,Bad Risk
no checking account,36,critical account,business,6304,no savings,>= 7 yrs,4,male:single,none,4,real estate,36,none,own,2,skilled,1,none,yes,Good Risk
no checking account,24,existing paid back,radio/tv,1533,< 100 DM,< 1 yr,4,female:div/dep/mar,none,3,car,38,stores,own,1,skilled,1,yes,yes,Good Risk
< 0 DM,14,existing paid back,car (new),8978,< 100 DM,>= 7 yrs,1,male:divorced,none,4,life insurance,45,none,own,1,high qual/mgmt,1,yes,no,Bad Risk
no checking account,24,existing paid back,radio/tv,999,no savings,>= 7 yrs,4,male:single,none,2,car,25,none,own,2,skilled,1,none,yes,Good Risk
no checking account,18,existing paid back,car (new),2662,no savings,4 <= x < 7 yrs,4,male:single,none,3,life insurance,32,none,own,1,skilled,1,none,no,Good Risk
no checking account,12,critical account,furniture/equip,1402,500 <= x < 1000 DM,4 <= x < 7 yrs,3,female:div/dep/mar,none,4,car,37,none,rent,1,skilled,1,yes,yes,Good Risk
0 <= x < 200 DM,48,all paid back here,car (new),12169,no savings,unemployed,4,male:single,co-applicant,4,no property,36,none,for free,1,high qual/mgmt,1,yes,yes,Good Risk
0 <= x < 200 DM,48,existing paid back,radio/tv,3060,< 100 DM,4 <= x < 7 yrs,4,male:single,none,4,real estate,28,none,own,2,skilled,1,none,yes,Bad Risk
< 0 DM,30,existing paid back,repairs,11998,< 100 DM,< 1 yr,1,male:divorced,none,1,no property,34,none,own,1,unskilled resident,1,yes,yes,Bad Risk
no checking account,9,existing paid back,radio/tv,2697,< 100 DM,1 <= x < 4 yrs,1,male:single,none,2,real estate,32,none,own,1,skilled,2,none,yes,Good Risk
no checking account,18,critical account,radio/tv,2404,< 100 DM,1 <= x < 4 yrs,2,female:div/dep/mar,none,2,car,26,none,own,2,skilled,1,none,yes,Good Risk
< 0 DM,12,existing paid back,furniture/equip,1262,no savings,>= 7 yrs,2,male:divorced,none,4,life insurance,49,none,own,1,unskilled resident,1,yes,yes,Good Risk
no checking account,6,existing paid back,furniture/equip,4611,< 100 DM,< 1 yr,1,female:div/dep/mar,none,4,life insurance,32,none,own,1,skilled,1,none,yes,Bad Risk
no checking account,24,existing paid back,radio/tv,1901,100 <= x < 500 DM,1 <= x < 4 yrs,4,male:single,none,4,car,29,none,rent,1,high qual/mgmt,1,yes,yes,Good Risk
no checking account,15,critical account,car (used),3368,>= 1000 DM,>= 7 yrs,3,male:single,none,4,no property,23,none,rent,2,skilled,1,yes,yes,Good Risk
no checking account,12,existing paid back,furniture/equip,1574,< 100 DM,1 <= x < 4 yrs,4,male:single,none,2,real estate,50,none,own,1,skilled,1,none,yes,Good Risk
>= 200 DM,18,all paid back here,radio/tv,1445,no savings,4 <= x < 7 yrs,4,male:single,none,4,car,49,bank,own,1,unskilled resident,1,none,yes,Good Risk
no checking account,15,critical account,furniture/equip,1520,no savings,>= 7 yrs,4,male:single,none,4,life insurance,63,none,own,1,skilled,1,none,yes,Good Risk
0 <= x < 200 DM,24,critical account,car (new),3878,100 <= x < 500 DM,< 1 yr,4,male:divorced,none,2,car,37,none,own,1,skilled,1,yes,yes,Good Risk
< 0 DM,47,existing paid back,car (new),10722,< 100 DM,< 1 yr,1,female:div/dep/mar,none,1,real estate,35,none,own,1,unskilled resident,1,yes,yes,Good Risk
< 0 DM,48,existing paid back,car (used),4788,< 100 DM,4 <= x < 7 yrs,4,male:single,none,3,life insurance,26,none,own,1,skilled,2,none,yes,Good Risk
0 <= x < 200 DM,48,delay in past,others,7582,100 <= x < 500 DM,unemployed,2,male:single,none,4,no property,31,none,for free,1,high qual/mgmt,1,yes,yes,Good Risk
0 <= x < 200 DM,12,existing paid back,radio/tv,1092,< 100 DM,1 <= x < 4 yrs,4,female:div/dep/mar,guarantor,4,real estate,49,none,own,2,skilled,1,yes,yes,Good Risk
< 0 DM,24,delay in past,radio/tv,1024,< 100 DM,< 1 yr,4,male:mar/wid,none,4,real estate,48,stores,own,1,skilled,1,none,yes,Bad Risk
no checking account,12,existing paid back,business,1076,< 100 DM,1 <= x < 4 yrs,2,male:mar/wid,none,2,real estate,26,none,own,1,skilled,1,yes,no,Good Risk
0 <= x < 200 DM,36,existing paid back,car (used),9398,< 100 DM,< 1 yr,1,male:mar/wid,none,4,car,28,none,rent,1,high qual/mgmt,1,yes,yes,Bad Risk
< 0 DM,24,critical account,car (used),6419,< 100 DM,>= 7 yrs,2,female:div/dep/mar,none,4,no property,44,none,for free,2,high qual/mgmt,2,yes,yes,Good Risk
>= 200 DM,42,critical account,car (used),4796,< 100 DM,>= 7 yrs,4,male:single,none,4,no property,56,none,for free,1,skilled,1,none,yes,Good Risk
no checking account,48,critical account,business,7629,no savings,>= 7 yrs,4,male:divorced,none,2,car,46,bank,own,2,high qual/mgmt,2,none,yes,Good Risk
0 <= x < 200 DM,48,existing paid back,furniture/equip,9960,< 100 DM,< 1 yr,1,female:div/dep/mar,none,2,car,26,none,own,1,skilled,1,yes,yes,Bad Risk
no checking account,12,existing paid back,car (used),4675,no savings,< 1 yr,1,female:div/dep/mar,none,4,car,20,none,rent,1,skilled,1,none,yes,Good Risk
no checking account,10,existing paid back,car (new),1287,no savings,>= 7 yrs,4,male:single,co-applicant,2,life insurance,45,none,own,1,unskilled resident,1,none,no,Good Risk
no checking account,18,existing paid back,furniture/equip,2515,< 100 DM,1 <= x < 4 yrs,3,male:single,none,4,real estate,43,none,own,1,skilled,1,yes,yes,Good Risk
0 <= x < 200 DM,21,critical account,furniture/equip,2745,>= 1000 DM,4 <= x < 7 yrs,3,male:single,none,2,car,32,none,own,2,skilled,1,yes,yes,Good Risk
no checking account,6,existing paid back,car (new),672,< 100 DM,unemployed,1,female:div/dep/mar,none,4,real estate,54,none,own,1,unemp/unskilled non-res,1,yes,yes,Good Risk
0 <= x < 200 DM,36,no credits/all paid,radio/tv,3804,< 100 DM,1 <= x < 4 yrs,4,female:div/dep/mar,none,1,car,42,none,own,1,skilled,1,yes,yes,Bad Risk
>= 200 DM,24,critical account,car (new),1344,no savings,4 <= x < 7 yrs,4,male:single,none,2,real estate,37,bank,own,2,unskilled resident,2,none,yes,Bad Risk
< 0 DM,10,critical account,car (new),1038,< 100 DM,4 <= x < 7 yrs,4,male:single,co-applicant,3,life insurance,49,none,own,2,skilled,1,yes,yes,Good Risk
no checking account,48,critical account,car (new),10127,500 <= x < 1000 DM,1 <= x < 4 yrs,2,male:single,none,2,no property,44,bank,for free,1,skilled,1,none,yes,Bad Risk
no checking account,6,existing paid back,furniture/equip,1543,>= 1000 DM,1 <= x < 4 yrs,4,male:divorced,none,2,real estate,33,none,own,1,skilled,1,none,yes,Good Risk
no checking account,30,existing paid back,car (used),4811,no savings,4 <= x < 7 yrs,2,female:div/dep/mar,none,4,life insurance,24,stores,rent,1,unskilled resident,1,none,yes,Good Risk
< 0 DM,12,existing paid back,radio/tv,727,100 <= x < 500 DM,< 1 yr,4,male:mar/wid,none,3,no property,33,none,own,1,unskilled resident,1,yes,yes,Bad Risk
0 <= x < 200 DM,8,existing paid back,furniture/equip,1237,< 100 DM,1 <= x < 4 yrs,3,female:div/dep/mar,none,4,real estate,24,none,own,1,skilled,1,none,yes,Bad Risk
0 <= x < 200 DM,9,existing paid back,car (new),276,< 100 DM,1 <= x < 4 yrs,4,male:mar/wid,none,4,real estate,22,none,rent,1,unskilled resident,1,none,yes,Good Risk
0 <= x < 200 DM,48,existing paid back,others,5381,no savings,unemployed,3,male:single,none,4,no property,40,bank,for free,1,unemp/unskilled non-res,1,yes,yes,Good Risk
no checking account,24,existing paid back,furniture/equip,5511,100 <= x < 500 DM,1 <= x < 4 yrs,4,male:single,none,1,car,25,stores,own,1,skilled,1,none,yes,Good Risk
>= 200 DM,24,existing paid back,furniture/equip,3749,< 100 DM,< 1 yr,2,female:div/dep/mar,none,4,car,26,none,own,1,skilled,1,none,yes,Good Risk
0 <= x < 200 DM,12,existing paid back,car (new),685,< 100 DM,4 <= x < 7 yrs,2,male:mar/wid,none,3,car,25,bank,own,1,unskilled resident,1,none,yes,Bad Risk
>= 200 DM,4,existing paid back,car (new),1494,no savings,< 1 yr,1,male:single,none,2,real estate,29,none,own,1,unskilled resident,2,none,no,Good Risk
< 0 DM,36,all paid back here,furniture/equip,2746,< 100 DM,>= 7 yrs,4,male:single,none,4,car,31,bank,own,1,skilled,1,none,yes,Bad Risk
< 0 DM,12,existing paid back,furniture/equip,708,< 100 DM,1 <= x < 4 yrs,2,male:single,guarantor,3,life insurance,38,none,own,1,unskilled resident,2,none,yes,Good Risk
0 <= x < 200 DM,24,existing paid back,furniture/equip,4351,no savings,1 <= x < 4 yrs,1,female:div/dep/mar,none,4,life insurance,48,none,own,1,unskilled resident,1,yes,yes,Good Risk
no checking account,12,critical account,education,701,< 100 DM,1 <= x < 4 yrs,4,male:single,none,2,car,32,none,own,2,skilled,1,none,yes,Good Risk
< 0 DM,15,delay in past,furniture/equip,3643,< 100 DM,>= 7 yrs,1,female:div/dep/mar,none,4,life insurance,27,none,own,2,unskilled resident,1,none,yes,Good Risk
0 <= x < 200 DM,30,critical account,car (new),4249,< 100 DM,unemployed,4,male:mar/wid,none,2,car,28,none,own,2,high qual/mgmt,1,none,yes,Bad Risk
< 0 DM,24,existing paid back,radio/tv,1938,< 100 DM,< 1 yr,4,male:divorced,none,3,life insurance,32,none,own,1,skilled,1,none,yes,Bad Risk
< 0 DM,24,existing paid back,car (used),2910,< 100 DM,4 <= x < 7 yrs,2,male:single,none,1,no property,34,none,for free,1,high qual/mgmt,1,yes,yes,Good Risk
< 0 DM,18,existing paid back,furniture/equip,2659,>= 1000 DM,1 <= x < 4 yrs,4,male:single,none,2,car,28,none,own,1,skilled,1,none,yes,Good Risk
no checking account,18,critical account,car (new),1028,< 100 DM,1 <= x < 4 yrs,4,female:div/dep/mar,none,3,real estate,36,none,own,2,skilled,1,none,yes,Good Risk
< 0 DM,8,critical account,car (new),3398,< 100 DM,4 <= x < 7 yrs,1,male:single,none,4,real estate,39,none,own,2,unskilled resident,1,none,no,Good Risk
no checking account,12,critical account,furniture/equip,5801,no savings,>= 7 yrs,2,male:single,none,4,life insurance,49,none,rent,1,skilled,1,yes,yes,Good Risk
no checking account,24,existing paid back,car (new),1525,>= 1000 DM,4 <= x < 7 yrs,4,female:div/dep/mar,none,3,car,34,none,own,1,skilled,2,yes,yes,Good Risk
>= 200 DM,36,existing paid back,radio/tv,4473,< 100 DM,>= 7 yrs,4,male:single,none,2,car,31,none,own,1,skilled,1,none,yes,Good Risk
0 <= x < 200 DM,6,existing paid back,radio/tv,1068,< 100 DM,>= 7 yrs,4,male:single,none,4,car,28,none,own,1,skilled,2,none,yes,Good Risk
< 0 DM,24,critical account,car (used),6615,< 100 DM,unemployed,2,male:single,none,4,no property,75,none,for free,2,high qual/mgmt,1,yes,yes,Good Risk
no checking account,18,critical account,education,1864,100 <= x < 500 DM,1 <= x < 4 yrs,4,female:div/dep/mar,none,2,real estate,30,none,own,2,skilled,1,none,yes,Bad Risk
0 <= x < 200 DM,60,existing paid back,car (new),7408,100 <= x < 500 DM,< 1 yr,4,female:div/dep/mar,none,2,life insurance,24,none,own,1,high qual/mgmt,1,none,yes,Bad Risk
no checking account,48,critical account,car (used),11590,100 <= x < 500 DM,1 <= x < 4 yrs,2,female:div/dep/mar,none,4,car,24,bank,rent,2,unskilled resident,1,none,yes,Bad Risk
< 0 DM,24,no credits/all paid,furniture/equip,4110,< 100 DM,>= 7 yrs,3,male:single,none,4,no property,23,bank,rent,2,skilled,2,none,yes,Bad Risk
< 0 DM,6,critical account,furniture/equip,3384,< 100 DM,1 <= x < 4 yrs,1,male:divorced,none,4,real estate,44,none,rent,1,high qual/mgmt,1,yes,yes,Bad Risk
0 <= x < 200 DM,13,existing paid back,radio/tv,2101,< 100 DM,< 1 yr,2,female:div/dep/mar,guarantor,4,life insurance,23,none,own,1,unskilled resident,1,none,yes,Good Risk
< 0 DM,15,existing paid back,domestic appliances,1275,no savings,1 <= x < 4 yrs,4,female:div/dep/mar,none,2,car,24,none,rent,1,skilled,1,none,yes,Bad Risk
< 0 DM,24,existing paid back,furniture/equip,4169,< 100 DM,1 <= x < 4 yrs,4,male:single,none,4,life insurance,28,none,own,1,skilled,1,none,yes,Good Risk
0 <= x < 200 DM,10,existing paid back,furniture/equip,1521,< 100 DM,1 <= x < 4 yrs,4,male:divorced,none,2,car,31,none,own,1,unskilled resident,1,none,yes,Good Risk
0 <= x < 200 DM,24,critical account,education,5743,< 100 DM,< 1 yr,2,female:div/dep/mar,none,4,no property,24,none,for free,2,skilled,1,yes,yes,Good Risk
< 0 DM,21,existing paid back,furniture/equip,3599,< 100 DM,4 <= x < 7 yrs,1,female:div/dep/mar,none,4,car,26,none,rent,1,unskilled resident,1,none,yes,Good Risk
0 <= x < 200 DM,18,existing paid back,radio/tv,3213,500 <= x < 1000 DM,< 1 yr,1,male:mar/wid,none,3,real estate,25,none,rent,1,skilled,1,none,yes,Good Risk
0 <= x < 200 DM,18,existing paid back,business,4439,< 100 DM,>= 7 yrs,1,male:single,co-applicant,1,real estate,33,bank,own,1,high qual/mgmt,1,yes,yes,Good Risk
>= 200 DM,10,existing paid back,car (new),3949,< 100 DM,< 1 yr,1,male:single,guarantor,1,life insurance,37,none,own,1,unskilled resident,2,none,yes,Good Risk
no checking account,15,critical account,radio/tv,1459,< 100 DM,1 <= x < 4 yrs,4,female:div/dep/mar,none,2,car,43,none,own,1,unskilled resident,1,none,yes,Good Risk
0 <= x < 200 DM,13,critical account,radio/tv,882,< 100 DM,< 1 yr,4,male:single,guarantor,4,real estate,23,none,own,2,skilled,1,none,yes,Good Risk
0 <= x < 200 DM,24,existing paid back,radio/tv,3758,500 <= x < 1000 DM,unemployed,1,female:div/dep/mar,none,4,no property,23,none,rent,1,unemp/unskilled non-res,1,none,yes,Good Risk
no checking account,6,delay in past,business,1743,100 <= x < 500 DM,1 <= x < 4 yrs,1,male:single,none,2,real estate,34,none,own,2,unskilled resident,1,none,yes,Good Risk
0 <= x < 200 DM,9,critical account,education,1136,>= 1000 DM,>= 7 yrs,4,male:single,none,3,no property,32,none,for free,2,skilled,2,none,yes,Bad Risk
no checking account,9,existing paid back,domestic appliances,1236,< 100 DM,< 1 yr,1,female:div/dep/mar,none,4,real estate,23,none,rent,1,skilled,1,yes,yes,Good Risk
0 <= x < 200 DM,9,existing paid back,furniture/equip,959,< 100 DM,1 <= x < 4 yrs,1,female:div/dep/mar,none,2,car,29,none,own,1,skilled,1,none,no,Bad Risk
no checking account,18,critical account,car (used),3229,no savings,unemployed,2,male:single,none,4,no property,38,none,own,1,high qual/mgmt,1,yes,yes,Good Risk
< 0 DM,12,no credits/all paid,radio/tv,6199,< 100 DM,1 <= x < 4 yrs,4,male:single,none,2,life insurance,28,none,rent,2,skilled,1,yes,yes,Bad Risk
no checking account,10,existing paid back,education,727,500 <= x < 1000 DM,>= 7 yrs,4,male:single,none,4,no property,46,none,for free,1,skilled,1,yes,yes,Good Risk
0 <= x < 200 DM,24,existing paid back,car (new),1246,< 100 DM,< 1 yr,4,male:single,none,2,real estate,23,stores,own,1,unskilled resident,1,none,yes,Bad Risk
no checking account,12,critical account,radio/tv,2331,no savings,>= 7 yrs,1,male:single,co-applicant,4,real estate,49,none,own,1,skilled,1,yes,yes,Good Risk
no checking account,36,delay in past,radio/tv,4463,< 100 DM,1 <= x < 4 yrs,4,male:single,none,2,car,26,none,own,2,high qual/mgmt,1,yes,yes,Bad Risk
no checking account,12,existing paid back,radio/tv,776,< 100 DM,1 <= x < 4 yrs,4,male:mar/wid,none,2,real estate,28,none,own,1,skilled,1,none,yes,Good Risk
< 0 DM,30,existing paid back,furniture/equip,2406,< 100 DM,4 <= x < 7 yrs,4,female:div/dep/mar,none,4,real estate,23,none,rent,1,skilled,1,none,yes,Bad Risk
0 <= x < 200 DM,18,existing paid back,education,1239,no savings,1 <= x < 4 yrs,4,male:single,none,4,no property,61,none,for free,1,skilled,1,none,yes,Good Risk
>= 200 DM,12,existing paid back,radio/tv,3399,no savings,>= 7 yrs,2,male:single,none,3,car,37,none,own,1,high qual/mgmt,1,none,yes,Good Risk
>= 200 DM,12,delay in past,car (new),2247,< 100 DM,1 <= x < 4 yrs,2,female:div/dep/mar,none,2,car,36,stores,own,2,skilled,1,yes,yes,Good Risk
no checking account,6,existing paid back,furniture/equip,1766,< 100 DM,1 <= x < 4 yrs,1,male:mar/wid,none,2,life insurance,21,none,rent,1,skilled,1,none,yes,Good Risk
< 0 DM,18,existing paid back,furniture/equip,2473,< 100 DM,unemployed,4,male:single,none,1,car,25,none,own,1,unemp/unskilled non-res,1,none,yes,Bad Risk
no checking account,12,existing paid back,business,1542,< 100 DM,4 <= x < 7 yrs,2,male:single,none,4,car,36,none,own,1,skilled,1,yes,yes,Good Risk
no checking account,18,critical account,car (used),3850,< 100 DM,4 <= x < 7 yrs,3,male:single,none,1,car,27,none,own,2,skilled,1,none,yes,Good Risk
< 0 DM,18,existing paid back,furniture/equip,3650,< 100 DM,< 1 yr,1,female:div/dep/mar,none,4,car,22,none,rent,1,skilled,1,none,yes,Good Risk
< 0 DM,36,existing paid back,furniture/equip,3446,< 100 DM,>= 7 yrs,4,male:single,none,2,car,42,none,own,1,skilled,2,none,yes,Bad Risk
0 <= x < 200 DM,18,existing paid back,furniture/equip,3001,< 100 DM,4 <= x < 7 yrs,2,female:div/dep/mar,none,4,real estate,40,none,rent,1,skilled,1,none,yes,Good Risk
no checking account,36,existing paid back,car (new),3079,no savings,1 <= x < 4 yrs,4,male:single,none,4,real estate,36,none,own,1,skilled,1,none,yes,Good Risk
no checking account,18,critical account,radio/tv,6070,< 100 DM,>= 7 yrs,3,male:single,none,4,car,33,none,own,2,skilled,1,yes,yes,Good Risk
no checking account,10,critical account,furniture/equip,2146,< 100 DM,< 1 yr,1,female:div/dep/mar,none,3,real estate,23,none,rent,2,skilled,1,none,yes,Good Risk
no checking account,60,critical account,car (new),13756,no savings,>= 7 yrs,2,male:single,none,4,no property,63,bank,for free,1,high qual/mgmt,1,yes,yes,Good Risk
0 <= x < 200 DM,60,all paid back here,others,14782,100 <= x < 500 DM,>= 7 yrs,3,female:div/dep/mar,none,4,no property,60,bank,for free,2,high qual/mgmt,1,yes,yes,Bad Risk
< 0 DM,48,all paid back here,business,7685,< 100 DM,4 <= x < 7 yrs,2,female:div/dep/mar,guarantor,4,car,37,none,rent,1,skilled,1,none,yes,Bad Risk
no checking account,18,delay in past,radio/tv,2320,< 100 DM,unemployed,2,male:mar/wid,none,3,real estate,34,none,own,2,skilled,1,none,yes,Good Risk
no checking account,7,delay in past,radio/tv,846,no savings,>= 7 yrs,3,male:single,none,4,no property,36,none,for free,1,skilled,1,none,yes,Good Risk
0 <= x < 200 DM,36,existing paid back,car (new),14318,< 100 DM,>= 7 yrs,4,male:single,none,2,no property,57,none,for free,1,high qual/mgmt,1,yes,yes,Bad Risk
no checking account,6,critical account,car (new),362,100 <= x < 500 DM,1 <= x < 4 yrs,4,female:div/dep/mar,none,4,car,52,none,own,2,unskilled resident,1,none,yes,Good Risk
< 0 DM,20,existing paid back,furniture/equip,2212,no savings,4 <= x < 7 yrs,4,male:single,none,4,car,39,none,own,1,skilled,1,yes,yes,Good Risk
0 <= x < 200 DM,18,existing paid back,car (used),12976,< 100 DM,unemployed,3,female:div/dep/mar,none,4,no property,38,none,for free,1,high qual/mgmt,1,yes,yes,Bad Risk
no checking account,22,existing paid back,car (new),1283,no savings,4 <= x < 7 yrs,4,female:div/dep/mar,none,4,life insurance,25,none,rent,1,skilled,1,none,yes,Good Risk
>= 200 DM,12,existing paid back,car (new),1330,< 100 DM,< 1 yr,4,male:single,none,1,real estate,26,none,own,1,skilled,1,none,yes,Good Risk
no checking account,30,delay in past,business,4272,100 <= x < 500 DM,1 <= x < 4 yrs,2,male:single,none,2,life insurance,26,none,own,2,unskilled resident,1,none,yes,Good Risk
no checking account,18,critical account,radio/tv,2238,< 100 DM,1 <= x < 4 yrs,2,female:div/dep/mar,none,1,car,25,none,own,2,skilled,1,none,yes,Good Risk
no checking account,18,existing paid back,radio/tv,1126,no savings,< 1 yr,4,female:div/dep/mar,none,2,real estate,21,none,rent,1,skilled,1,yes,yes,Good Risk
0 <= x < 200 DM,18,critical account,furniture/equip,7374,< 100 DM,unemployed,4,male:single,none,4,life insurance,40,stores,own,2,high qual/mgmt,1,yes,yes,Good Risk
0 <= x < 200 DM,15,critical account,business,2326,500 <= x < 1000 DM,1 <= x < 4 yrs,2,male:single,none,4,car,27,bank,own,1,skilled,1,none,yes,Good Risk
no checking account,9,existing paid back,business,1449,< 100 DM,4 <= x < 7 yrs,3,female:div/dep/mar,none,2,car,27,none,own,2,skilled,1,none,yes,Good Risk
no checking account,18,existing paid back,car (new),1820,< 100 DM,1 <= x < 4 yrs,2,male:mar/wid,none,2,life insurance,30,none,own,1,high qual/mgmt,1,yes,yes,Good Risk
0 <= x < 200 DM,12,existing paid back,furniture/equip,983,>= 1000 DM,< 1 yr,1,female:div/dep/mar,none,4,real estate,19,none,rent,1,unskilled resident,1,none,yes,Good Risk
< 0 DM,36,existing paid back,car (new),3249,< 100 DM,4 <= x < 7 yrs,2,male:single,none,4,no property,39,bank,for free,1,high qual/mgmt,2,yes,yes,Good Risk
< 0 DM,6,critical account,radio/tv,1957,< 100 DM,4 <= x < 7 yrs,1,female:div/dep/mar,none,4,car,31,none,own,1,skilled,1,none,yes,Good Risk
no checking account,9,critical account,furniture/equip,2406,< 100 DM,unemployed,2,male:single,none,3,car,31,none,own,1,high qual/mgmt,1,none,yes,Good Risk
0 <= x < 200 DM,39,delay in past,education,11760,100 <= x < 500 DM,4 <= x < 7 yrs,2,male:single,none,3,no property,32,none,rent,1,skilled,1,yes,yes,Good Risk
< 0 DM,12,existing paid back,furniture/equip,2578,< 100 DM,unemployed,3,female:div/dep/mar,none,4,no property,55,none,for free,1,high qual/mgmt,1,none,yes,Good Risk
< 0 DM,36,critical account,furniture/equip,2348,< 100 DM,1 <= x < 4 yrs,3,male:mar/wid,none,2,life insurance,46,none,own,2,skilled,1,yes,yes,Good Risk
0 <= x < 200 DM,12,existing paid back,car (new),1223,< 100 DM,>= 7 yrs,1,male:divorced,none,1,real estate,46,none,rent,2,skilled,1,none,yes,Bad Risk
no checking account,24,critical account,radio/tv,1516,>= 1000 DM,1 <= x < 4 yrs,4,female:div/dep/mar,none,1,real estate,43,none,own,2,unskilled resident,1,none,yes,Good Risk
no checking account,18,existing paid back,radio/tv,1473,< 100 DM,< 1 yr,3,male:mar/wid,none,4,real estate,39,none,own,1,skilled,1,yes,yes,Good Risk
0 <= x < 200 DM,18,critical account,business,1887,no savings,1 <= x < 4 yrs,4,male:mar/wid,none,4,real estate,28,bank,own,2,skilled,1,none,yes,Good Risk
no checking account,24,delay in past,business,8648,< 100 DM,< 1 yr,2,male:single,none,2,car,27,bank,own,2,skilled,1,yes,yes,Bad Risk
no checking account,14,delay in past,car (new),802,< 100 DM,1 <= x < 4 yrs,4,male:single,none,2,car,27,none,own,2,unskilled resident,1,none,yes,Good Risk
0 <= x < 200 DM,18,delay in past,car (new),2899,no savings,>= 7 yrs,4,male:single,none,4,car,43,none,own,1,skilled,2,none,yes,Good Risk
0 <= x < 200 DM,24,existing paid back,radio/tv,2039,< 100 DM,< 1 yr,1,male:mar/wid,none,1,life insurance,22,none,own,1,skilled,1,yes,yes,Bad Risk
no checking account,24,critical account,car (used),2197,no savings,4 <= x < 7 yrs,4,male:single,none,4,car,43,none,own,2,skilled,2,yes,yes,Good Risk
< 0 DM,15,existing paid back,radio/tv,1053,< 100 DM,< 1 yr,4,male:mar/wid,none,2,real estate,27,none,own,1,skilled,1,none,no,Good Risk
no checking account,24,existing paid back,radio/tv,3235,500 <= x < 1000 DM,>= 7 yrs,3,male:divorced,none,2,car,26,none,own,1,high qual/mgmt,1,yes,yes,Good Risk
>= 200 DM,12,critical account,car (new),939,500 <= x < 1000 DM,4 <= x < 7 yrs,4,male:mar/wid,none,2,real estate,28,none,own,3,skilled,1,yes,yes,Bad Risk
0 <= x < 200 DM,24,existing paid back,radio/tv,1967,< 100 DM,>= 7 yrs,4,female:div/dep/mar,none,4,car,20,none,own,1,skilled,1,yes,yes,Good Risk
no checking account,33,critical account,car (used),7253,< 100 DM,4 <= x < 7 yrs,3,male:single,none,2,car,35,none,own,2,high qual/mgmt,1,yes,yes,Good Risk
no checking account,12,critical account,business,2292,< 100 DM,unemployed,4,male:single,none,2,car,42,stores,own,2,high qual/mgmt,1,yes,yes,Bad Risk
no checking account,10,existing paid back,car (new),1597,500 <= x < 1000 DM,1 <= x < 4 yrs,3,male:single,none,2,no property,40,none,rent,1,unskilled resident,2,none,no,Good Risk
< 0 DM,24,existing paid back,car (new),1381,no savings,1 <= x < 4 yrs,4,female:div/dep/mar,none,2,life insurance,35,none,own,1,skilled,1,none,yes,Bad Risk
no checking account,36,critical account,car (used),5842,< 100 DM,>= 7 yrs,2,male:single,none,2,life insurance,35,none,own,2,skilled,2,yes,yes,Good Risk
< 0 DM,12,existing paid back,car (new),2579,< 100 DM,< 1 yr,4,male:single,none,1,real estate,33,none,own,1,unskilled resident,2,none,yes,Bad Risk
< 0 DM,18,delay in past,education,8471,no savings,1 <= x < 4 yrs,1,female:div/dep/mar,none,2,car,23,none,rent,2,skilled,1,yes,yes,Good Risk
no checking account,21,existing paid back,car (new),2782,500 <= x < 1000 DM,4 <= x < 7 yrs,1,female:div/dep/mar,none,2,car,31,bank,own,1,high qual/mgmt,1,none,yes,Good Risk
0 <= x < 200 DM,18,existing paid back,car (new),1042,no savings,1 <= x < 4 yrs,4,female:div/dep/mar,none,2,life insurance,33,none,own,1,skilled,1,none,yes,Bad Risk
no checking account,15,existing paid back,car (new),3186,>= 1000 DM,4 <= x < 7 yrs,2,female:div/dep/mar,none,3,car,20,none,rent,1,skilled,1,none,yes,Good Risk
0 <= x < 200 DM,12,existing paid back,car (used),2028,no savings,1 <= x < 4 yrs,4,male:single,none,2,car,30,none,own,1,skilled,1,none,yes,Good Risk
0 <= x < 200 DM,12,critical account,car (new),958,< 100 DM,4 <= x < 7 yrs,2,male:single,none,3,real estate,47,none,own,2,unskilled resident,2,none,yes,Good Risk
no checking account,21,delay in past,furniture/equip,1591,100 <= x < 500 DM,4 <= x < 7 yrs,4,male:single,none,3,real estate,34,none,own,2,high qual/mgmt,1,none,yes,Good Risk
0 <= x < 200 DM,12,existing paid back,furniture/equip,2762,no savings,>= 7 yrs,1,female:div/dep/mar,none,2,life insurance,25,bank,own,1,skilled,1,yes,yes,Bad Risk
0 <= x < 200 DM,18,existing paid back,car (used),2779,< 100 DM,1 <= x < 4 yrs,1,male:mar/wid,none,3,car,21,none,rent,1,skilled,1,yes,yes,Good Risk
no checking account,28,critical account,radio/tv,2743,< 100 DM,>= 7 yrs,4,male:single,none,2,car,29,none,own,2,skilled,1,none,yes,Good Risk
no checking account,18,critical account,radio/tv,1149,>= 1000 DM,1 <= x < 4 yrs,4,male:single,none,3,real estate,46,none,own,2,skilled,1,none,yes,Good Risk
no checking account,9,existing paid back,furniture/equip,1313,< 100 DM,>= 7 yrs,1,male:single,none,4,car,20,none,own,1,skilled,1,none,yes,Good Risk
< 0 DM,18,critical account,repairs,1190,< 100 DM,unemployed,2,female:div/dep/mar,none,4,no property,55,none,for free,3,unemp/unskilled non-res,2,none,yes,Bad Risk
no checking account,5,existing paid back,business,3448,< 100 DM,4 <= x < 7 yrs,1,male:single,none,4,real estate,74,none,own,1,unskilled resident,1,none,yes,Good Risk
0 <= x < 200 DM,24,existing paid back,others,11328,< 100 DM,1 <= x < 4 yrs,2,male:single,co-applicant,3,car,29,bank,own,2,high qual/mgmt,1,yes,yes,Bad Risk
< 0 DM,6,critical account,furniture/equip,1872,< 100 DM,unemployed,4,male:single,none,4,no property,36,none,for free,3,high qual/mgmt,1,yes,yes,Good Risk
no checking account,24,critical account,repairs,2058,< 100 DM,1 <= x < 4 yrs,4,male:divorced,none,2,real estate,33,none,own,2,skilled,1,yes,yes,Good Risk
< 0 DM,9,existing paid back,furniture/equip,2136,< 100 DM,1 <= x < 4 yrs,3,male:single,none,2,real estate,25,none,own,1,skilled,1,none,yes,Good Risk
0 <= x < 200 DM,12,existing paid back,radio/tv,1484,no savings,1 <= x < 4 yrs,2,male:mar/wid,none,1,real estate,25,none,own,1,skilled,1,yes,yes,Bad Risk
no checking account,6,existing paid back,repairs,660,500 <= x < 1000 DM,4 <= x < 7 yrs,2,male:mar/wid,none,4,real estate,23,none,rent,1,unskilled resident,1,none,yes,Good Risk
no checking account,24,critical account,car (new),1287,>= 1000 DM,>= 7 yrs,4,female:div/dep/mar,none,4,real estate,37,none,own,2,skilled,1,yes,yes,Good Risk
< 0 DM,42,critical account,repairs,3394,< 100 DM,unemployed,4,male:single,co-applicant,4,car,65,none,own,2,unemp/unskilled non-res,1,none,yes,Good Risk
>= 200 DM,12,all paid back here,business,609,< 100 DM,< 1 yr,4,female:div/dep/mar,none,1,real estate,26,none,own,1,unemp/unskilled non-res,1,none,yes,Bad Risk
no checking account,12,existing paid back,car (new),1884,< 100 DM,>= 7 yrs,4,male:single,none,4,car,39,none,own,1,high qual/mgmt,1,yes,yes,Good Risk
< 0 DM,12,existing paid back,furniture/equip,1620,< 100 DM,1 <= x < 4 yrs,2,female:div/dep/mar,co-applicant,3,life insurance,30,none,own,1,skilled,1,none,yes,Good Risk
0 <= x < 200 DM,20,delay in past,others,2629,< 100 DM,1 <= x < 4 yrs,2,male:single,none,3,car,29,bank,own,2,skilled,1,yes,yes,Good Risk
no checking account,12,existing paid back,education,719,< 100 DM,>= 7 yrs,4,male:single,none,4,car,41,bank,own,1,unskilled resident,2,none,yes,Bad Risk
0 <= x < 200 DM,48,critical account,furniture/equip,5096,< 100 DM,1 <= x < 4 yrs,2,female:div/dep/mar,none,3,car,30,none,own,1,high qual/mgmt,1,yes,yes,Bad Risk
no checking account,9,critical account,education,1244,no savings,>= 7 yrs,4,female:div/dep/mar,none,4,life insurance,41,none,rent,2,unskilled resident,1,none,yes,Good Risk
< 0 DM,36,existing paid back,car (new),1842,< 100 DM,< 1 yr,4,female:div/dep/mar,none,4,car,34,none,own,1,skilled,1,yes,yes,Bad Risk
0 <= x < 200 DM,7,existing paid back,radio/tv,2576,< 100 DM,1 <= x < 4 yrs,2,male:single,guarantor,2,real estate,35,none,own,1,skilled,1,none,yes,Good Risk
>= 200 DM,12,existing paid back,furniture/equip,1424,no savings,>= 7 yrs,3,female:div/dep/mar,none,4,real estate,55,none,own,1,high qual/mgmt,1,yes,yes,Good Risk
0 <= x < 200 DM,15,delay in past,repairs,1512,>= 1000 DM,1 <= x < 4 yrs,3,male:mar/wid,none,3,life insurance,61,stores,own,2,skilled,1,none,yes,Bad Risk
no checking account,36,critical account,car (used),11054,no savings,1 <= x < 4 yrs,4,male:single,none,2,car,30,none,own,1,high qual/mgmt,1,yes,yes,Good Risk
no checking account,6,existing paid back,radio/tv,518,< 100 DM,1 <= x < 4 yrs,3,female:div/dep/mar,none,1,real estate,29,none,own,1,skilled,1,none,yes,Good Risk
no checking account,12,no credits/all paid,furniture/equip,2759,< 100 DM,>= 7 yrs,2,male:single,none,4,life insurance,34,none,own,2,skilled,1,none,yes,Good Risk
no checking account,24,existing paid back,car (used),2670,< 100 DM,>= 7 yrs,4,male:single,none,4,car,35,none,own,1,high qual/mgmt,1,yes,yes,Good Risk
< 0 DM,24,existing paid back,car (new),4817,< 100 DM,4 <= x < 7 yrs,2,male:single,co-applicant,3,life insurance,31,none,own,1,skilled,1,yes,yes,Bad Risk
no checking account,24,existing paid back,car (used),2679,< 100 DM,< 1 yr,4,female:div/dep/mar,none,1,no property,29,none,own,1,high qual/mgmt,1,yes,yes,Good Risk
< 0 DM,11,critical account,car (new),3905,< 100 DM,1 <= x < 4 yrs,2,male:single,none,2,real estate,36,none,rent,2,skilled,2,none,yes,Good Risk
< 0 DM,12,existing paid back,car (used),3386,< 100 DM,>= 7 yrs,3,male:single,none,4,no property,35,none,for free,1,skilled,1,yes,yes,Bad Risk
< 0 DM,6,existing paid back,domestic appliances,343,< 100 DM,< 1 yr,4,female:div/dep/mar,none,1,real estate,27,none,own,1,skilled,1,none,yes,Good Risk
no checking account,18,existing paid back,radio/tv,4594,< 100 DM,< 1 yr,3,male:single,none,2,car,32,none,own,1,skilled,1,yes,yes,Good Risk
< 0 DM,36,existing paid back,furniture/equip,3620,< 100 DM,1 <= x < 4 yrs,1,male:single,guarantor,2,life insurance,37,none,own,1,skilled,2,none,yes,Good Risk
< 0 DM,15,existing paid back,car (new),1721,< 100 DM,< 1 yr,2,male:single,none,3,real estate,36,none,own,1,skilled,1,none,yes,Good Risk
0 <= x < 200 DM,12,existing paid back,furniture/equip,3017,< 100 DM,< 1 yr,3,female:div/dep/mar,none,1,real estate,34,none,rent,1,high qual/mgmt,1,none,yes,Good Risk
0 <= x < 200 DM,12,existing paid back,retraining,754,no savings,>= 7 yrs,4,male:single,none,4,life insurance,38,none,own,2,skilled,1,none,yes,Good Risk
no checking account,18,existing paid back,business,1950,< 100 DM,4 <= x < 7 yrs,4,male:single,none,1,car,34,stores,own,2,skilled,1,yes,yes,Good Risk
< 0 DM,24,existing paid back,car (used),2924,< 100 DM,1 <= x < 4 yrs,3,male:single,guarantor,4,no property,63,bank,own,1,skilled,2,yes,yes,Good Risk
< 0 DM,24,delay in past,radio/tv,1659,< 100 DM,< 1 yr,4,female:div/dep/mar,none,2,car,29,none,rent,1,unskilled resident,1,yes,yes,Bad Risk
no checking account,48,delay in past,radio/tv,7238,no savings,>= 7 yrs,3,male:single,none,3,car,32,bank,own,2,skilled,2,none,yes,Good Risk
no checking account,33,delay in past,business,2764,< 100 DM,1 <= x < 4 yrs,2,female:div/dep/mar,none,2,car,26,none,own,2,skilled,1,yes,yes,Good Risk
no checking account,24,delay in past,car (used),4679,< 100 DM,4 <= x < 7 yrs,3,male:single,none,3,car,35,none,own,2,unskilled resident,1,yes,yes,Good Risk
0 <= x < 200 DM,24,existing paid back,radio/tv,3092,100 <= x < 500 DM,< 1 yr,3,male:mar/wid,none,2,car,22,none,rent,1,skilled,1,yes,yes,Bad Risk
< 0 DM,6,existing paid back,education,448,< 100 DM,< 1 yr,4,female:div/dep/mar,none,4,life insurance,23,none,own,1,skilled,1,none,yes,Bad Risk
< 0 DM,9,existing paid back,car (new),654,< 100 DM,1 <= x < 4 yrs,4,male:single,none,3,car,28,none,own,1,unskilled resident,1,none,yes,Bad Risk
no checking account,6,existing paid back,retraining,1238,no savings,unemployed,4,male:single,none,4,life insurance,36,none,own,1,high qual/mgmt,2,yes,yes,Good Risk
0 <= x < 200 DM,18,critical account,radio/tv,1245,< 100 DM,1 <= x < 4 yrs,4,male:mar/wid,none,2,car,33,none,own,1,skilled,1,none,yes,Bad Risk
< 0 DM,18,no credits/all paid,furniture/equip,3114,< 100 DM,< 1 yr,1,female:div/dep/mar,none,4,life insurance,26,none,rent,1,skilled,1,none,yes,Bad Risk
no checking account,39,existing paid back,car (used),2569,500 <= x < 1000 DM,1 <= x < 4 yrs,4,male:single,none,4,car,24,none,own,1,skilled,1,none,yes,Good Risk
>= 200 DM,24,existing paid back,radio/tv,5152,< 100 DM,4 <= x < 7 yrs,4,male:single,none,2,car,25,bank,own,1,skilled,1,none,yes,Good Risk
0 <= x < 200 DM,12,existing paid back,business,1037,100 <= x < 500 DM,4 <= x < 7 yrs,3,male:single,none,4,real estate,39,none,own,1,unskilled resident,1,none,yes,Good Risk
< 0 DM,15,critical account,furniture/equip,1478,< 100 DM,>= 7 yrs,4,male:single,none,4,car,44,none,own,2,skilled,2,yes,yes,Good Risk
0 <= x < 200 DM,12,critical account,radio/tv,3573,< 100 DM,1 <= x < 4 yrs,1,female:div/dep/mar,none,1,real estate,23,none,own,1,unskilled resident,1,none,yes,Good Risk
0 <= x < 200 DM,24,existing paid back,car (new),1201,< 100 DM,< 1 yr,4,male:single,none,1,life insurance,26,none,own,1,skilled,1,none,yes,Good Risk
< 0 DM,30,existing paid back,furniture/equip,3622,>= 1000 DM,>= 7 yrs,4,female:div/dep/mar,none,4,life insurance,57,none,rent,2,skilled,1,yes,yes,Good Risk
no checking account,15,delay in past,furniture/equip,960,>= 1000 DM,4 <= x < 7 yrs,3,female:div/dep/mar,none,2,life insurance,30,none,own,2,skilled,1,none,yes,Good Risk
no checking account,12,critical account,car (new),1163,500 <= x < 1000 DM,1 <= x < 4 yrs,4,male:single,none,4,real estate,44,none,own,1,skilled,1,yes,yes,Good Risk
0 <= x < 200 DM,6,delay in past,car (new),1209,< 100 DM,unemployed,4,male:single,none,4,life insurance,47,none,own,1,high qual/mgmt,1,yes,yes,Bad Risk
no checking account,12,existing paid back,radio/tv,3077,< 100 DM,1 <= x < 4 yrs,2,male:single,none,4,car,52,none,own,1,skilled,1,yes,yes,Good Risk
no checking account,24,existing paid back,car (new),3757,< 100 DM,>= 7 yrs,4,female:div/dep/mar,co-applicant,4,no property,62,none,for free,1,skilled,1,yes,yes,Good Risk
no checking account,10,existing paid back,car (new),1418,100 <= x < 500 DM,1 <= x < 4 yrs,3,male:single,none,2,real estate,35,none,rent,1,unskilled resident,1,none,no,Good Risk
no checking account,6,existing paid back,car (new),3518,< 100 DM,1 <= x < 4 yrs,2,male:single,guarantor,3,life insurance,26,none,rent,1,skilled,1,none,yes,Good Risk
no checking account,12,critical account,radio/tv,1934,< 100 DM,>= 7 yrs,2,male:single,none,2,no property,26,none,own,2,skilled,1,none,yes,Good Risk
0 <= x < 200 DM,27,no credits/all paid,business,8318,< 100 DM,>= 7 yrs,2,female:div/dep/mar,none,4,no property,42,none,for free,2,high qual/mgmt,1,yes,yes,Bad Risk
no checking account,6,critical account,radio/tv,1237,100 <= x < 500 DM,1 <= x < 4 yrs,1,female:div/dep/mar,none,1,life insurance,27,none,own,2,skilled,1,none,yes,Good Risk
0 <= x < 200 DM,6,existing paid back,radio/tv,368,no savings,>= 7 yrs,4,male:single,none,4,life insurance,38,none,own,1,skilled,1,none,yes,Good Risk
< 0 DM,12,critical account,car (new),2122,< 100 DM,1 <= x < 4 yrs,3,male:single,none,2,real estate,39,none,rent,2,unskilled resident,2,none,no,Good Risk
< 0 DM,24,existing paid back,furniture/equip,2996,no savings,1 <= x < 4 yrs,2,male:mar/wid,none,4,car,20,none,own,1,skilled,1,none,yes,Bad Risk
0 <= x < 200 DM,36,existing paid back,furniture/equip,9034,100 <= x < 500 DM,< 1 yr,4,male:single,co-applicant,1,no property,29,none,rent,1,high qual/mgmt,1,yes,yes,Bad Risk
no checking account,24,critical account,furniture/equip,1585,< 100 DM,4 <= x < 7 yrs,4,male:single,none,3,life insurance,40,none,own,2,skilled,1,none,yes,Good Risk
0 <= x < 200 DM,18,existing paid back,radio/tv,1301,< 100 DM,>= 7 yrs,4,male:mar/wid,guarantor,2,real estate,32,none,own,1,unskilled resident,1,none,yes,Good Risk
>= 200 DM,6,critical account,car (new),1323,100 <= x < 500 DM,>= 7 yrs,2,male:divorced,none,4,car,28,none,own,2,skilled,2,yes,yes,Good Risk
< 0 DM,24,existing paid back,car (new),3123,< 100 DM,< 1 yr,4,female:div/dep/mar,none,1,life insurance,27,none,own,1,skilled,1,none,yes,Bad Risk
< 0 DM,36,existing paid back,car (used),5493,< 100 DM,>= 7 yrs,2,male:single,none,4,no property,42,none,for free,1,skilled,2,none,yes,Good Risk
>= 200 DM,9,existing paid back,radio/tv,1126,100 <= x < 500 DM,>= 7 yrs,2,male:divorced,none,4,real estate,49,none,own,1,skilled,1,none,yes,Good Risk
0 <= x < 200 DM,24,critical account,radio/tv,1216,100 <= x < 500 DM,< 1 yr,4,male:single,none,4,no property,38,bank,own,2,skilled,2,none,yes,Bad Risk
< 0 DM,24,existing paid back,car (new),1207,< 100 DM,< 1 yr,4,female:div/dep/mar,none,4,life insurance,24,none,rent,1,skilled,1,none,yes,Bad Risk
no checking account,10,existing paid back,car (new),1309,no savings,1 <= x < 4 yrs,4,male:single,guarantor,4,life insurance,27,none,own,1,unskilled resident,1,none,yes,Bad Risk
>= 200 DM,15,critical account,car (used),2360,500 <= x < 1000 DM,1 <= x < 4 yrs,2,male:single,none,2,car,36,none,own,1,skilled,1,yes,yes,Good Risk
0 <= x < 200 DM,15,all paid back here,car (new),6850,100 <= x < 500 DM,unemployed,1,male:single,none,2,life insurance,34,none,own,1,high qual/mgmt,2,yes,yes,Bad Risk
no checking account,24,existing paid back,radio/tv,1413,< 100 DM,1 <= x < 4 yrs,4,male:mar/wid,none,2,life insurance,28,none,own,1,skilled,1,none,yes,Good Risk
no checking account,39,existing paid back,car (used),8588,100 <= x < 500 DM,>= 7 yrs,4,male:single,none,2,car,45,none,own,1,high qual/mgmt,1,yes,yes,Good Risk
< 0 DM,12,existing paid back,car (new),759,< 100 DM,4 <= x < 7 yrs,4,male:single,none,2,real estate,26,none,own,1,skilled,1,none,yes,Bad Risk
no checking account,36,existing paid back,car (used),4686,< 100 DM,1 <= x < 4 yrs,2,male:single,none,2,no property,32,none,for free,1,high qual/mgmt,1,yes,yes,Good Risk
>= 200 DM,15,existing paid back,business,2687,< 100 DM,4 <= x < 7 yrs,2,male:single,none,4,life insurance,26,none,rent,1,skilled,1,yes,yes,Good Risk
0 <= x < 200 DM,12,delay in past,radio/tv,585,< 100 DM,1 <= x < 4 yrs,4,male:mar/wid,co-applicant,4,real estate,20,none,rent,2,skilled,1,none,yes,Good Risk
no checking account,24,existing paid back,car (new),2255,no savings,< 1 yr,4,male:single,none,1,life insurance,54,none,own,1,skilled,1,none,yes,Good Risk
< 0 DM,6,critical account,car (new),609,< 100 DM,4 <= x < 7 yrs,4,female:div/dep/mar,none,3,life insurance,37,none,own,2,skilled,1,none,no,Good Risk
< 0 DM,6,critical account,car (new),1361,< 100 DM,< 1 yr,2,male:single,none,4,real estate,40,none,own,1,unskilled resident,2,none,no,Good Risk
no checking account,36,critical account,furniture/equip,7127,< 100 DM,< 1 yr,2,female:div/dep/mar,none,4,life insurance,23,none,rent,2,skilled,1,yes,yes,Bad Risk
< 0 DM,6,existing paid back,car (new),1203,100 <= x < 500 DM,>= 7 yrs,3,male:single,none,2,life insurance,43,none,own,1,skilled,1,yes,yes,Good Risk
no checking account,6,critical account,radio/tv,700,no savings,>= 7 yrs,4,male:single,none,4,no property,36,none,for free,2,skilled,1,none,yes,Good Risk
no checking account,24,critical account,repairs,5507,< 100 DM,>= 7 yrs,3,male:single,none,4,no property,44,none,for free,2,skilled,1,none,yes,Good Risk
< 0 DM,18,existing paid back,radio/tv,3190,< 100 DM,1 <= x < 4 yrs,2,female:div/dep/mar,none,2,real estate,24,none,own,1,skilled,1,none,yes,Bad Risk
< 0 DM,48,no credits/all paid,furniture/equip,7119,< 100 DM,1 <= x < 4 yrs,3,male:single,none,4,no property,53,none,for free,2,skilled,2,none,yes,Bad Risk
no checking account,24,existing paid back,car (used),3488,100 <= x < 500 DM,4 <= x < 7 yrs,3,female:div/dep/mar,none,4,car,23,none,own,1,skilled,1,none,yes,Good Risk
0 <= x < 200 DM,18,existing paid back,radio/tv,1113,< 100 DM,1 <= x < 4 yrs,4,female:div/dep/mar,guarantor,4,real estate,26,none,own,1,unskilled resident,2,none,yes,Good Risk
0 <= x < 200 DM,26,existing paid back,car (used),7966,< 100 DM,< 1 yr,2,male:single,none,3,car,30,none,own,2,skilled,1,none,yes,Good Risk
no checking account,15,critical account,education,1532,100 <= x < 500 DM,1 <= x < 4 yrs,4,female:div/dep/mar,none,3,car,31,none,own,1,skilled,1,none,yes,Good Risk
no checking account,4,critical account,radio/tv,1503,< 100 DM,4 <= x < 7 yrs,2,male:single,none,1,real estate,42,none,own,2,unskilled resident,2,none,yes,Good Risk
< 0 DM,36,existing paid back,radio/tv,2302,< 100 DM,1 <= x < 4 yrs,4,male:divorced,none,4,car,31,none,rent,1,skilled,1,none,yes,Bad Risk
< 0 DM,6,existing paid back,car (new),662,< 100 DM,< 1 yr,3,male:single,none,4,real estate,41,none,own,1,unskilled resident,2,yes,yes,Good Risk
0 <= x < 200 DM,36,existing paid back,education,2273,< 100 DM,4 <= x < 7 yrs,3,male:single,none,1,car,32,none,own,2,skilled,2,none,yes,Good Risk
0 <= x < 200 DM,15,existing paid back,car (new),2631,100 <= x < 500 DM,1 <= x < 4 yrs,2,female:div/dep/mar,none,4,car,28,none,rent,2,skilled,1,yes,yes,Bad Risk
no checking account,12,delay in past,car (used),1503,< 100 DM,1 <= x < 4 yrs,4,male:mar/wid,none,4,real estate,41,none,rent,1,skilled,1,none,yes,Good Risk
no checking account,24,existing paid back,radio/tv,1311,100 <= x < 500 DM,4 <= x < 7 yrs,4,male:mar/wid,none,3,life insurance,26,none,own,1,skilled,1,yes,yes,Good Risk
no checking account,24,existing paid back,radio/tv,3105,no savings,< 1 yr,4,male:single,none,2,car,25,none,own,2,skilled,1,none,yes,Good Risk
>= 200 DM,21,critical account,education,2319,< 100 DM,< 1 yr,2,male:divorced,none,1,car,33,none,rent,1,skilled,1,none,yes,Bad Risk
< 0 DM,6,existing paid back,car (new),1374,no savings,unemployed,4,female:div/dep/mar,none,3,life insurance,75,none,own,1,high qual/mgmt,1,yes,yes,Good Risk
0 <= x < 200 DM,18,critical account,furniture/equip,3612,< 100 DM,>= 7 yrs,3,female:div/dep/mar,none,4,life insurance,37,none,own,1,skilled,1,yes,yes,Good Risk
< 0 DM,48,existing paid back,car (new),7763,< 100 DM,>= 7 yrs,4,male:single,none,4,no property,42,bank,for free,1,high qual/mgmt,1,none,yes,Bad Risk
>= 200 DM,18,existing paid back,furniture/equip,3049,< 100 DM,< 1 yr,1,female:div/dep/mar,none,1,life insurance,45,stores,own,1,unskilled resident,1,none,yes,Good Risk
0 <= x < 200 DM,12,existing paid back,radio/tv,1534,< 100 DM,< 1 yr,1,male:mar/wid,none,1,real estate,23,none,rent,1,skilled,1,none,yes,Bad Risk
no checking account,24,delay in past,car (new),2032,< 100 DM,>= 7 yrs,4,male:single,none,4,no property,60,none,for free,2,skilled,1,yes,yes,Good Risk
< 0 DM,30,existing paid back,furniture/equip,6350,no savings,>= 7 yrs,4,male:single,none,4,life insurance,31,none,own,1,skilled,1,none,yes,Bad Risk
>= 200 DM,18,existing paid back,furniture/equip,2864,< 100 DM,1 <= x < 4 yrs,2,male:single,none,1,real estate,34,none,own,1,unskilled resident,2,none,yes,Bad Risk
no checking account,12,critical account,car (new),1255,< 100 DM,>= 7 yrs,4,male:single,none,4,real estate,61,none,own,2,unskilled resident,1,none,yes,Good Risk
< 0 DM,24,delay in past,car (new),1333,< 100 DM,unemployed,4,male:single,none,2,real estate,43,none,for free,2,skilled,2,none,yes,Bad Risk
no checking account,24,critical account,car (new),2022,< 100 DM,1 <= x < 4 yrs,4,female:div/dep/mar,none,4,car,37,none,own,1,skilled,1,yes,yes,Good Risk
no checking account,24,existing paid back,radio/tv,1552,< 100 DM,4 <= x < 7 yrs,3,male:single,none,1,car,32,bank,own,1,skilled,2,none,yes,Good Risk
< 0 DM,12,all paid back here,radio/tv,626,< 100 DM,1 <= x < 4 yrs,4,female:div/dep/mar,none,4,real estate,24,bank,own,1,unskilled resident,1,none,yes,Bad Risk
no checking account,48,critical account,car (used),8858,no savings,4 <= x < 7 yrs,2,male:single,none,1,no property,35,none,for free,2,skilled,1,yes,yes,Good Risk
no checking account,12,critical account,repairs,996,no savings,4 <= x < 7 yrs,4,female:div/dep/mar,none,4,real estate,23,none,own,2,skilled,1,none,yes,Good Risk
no checking account,6,all paid back here,radio/tv,1750,500 <= x < 1000 DM,>= 7 yrs,2,male:single,none,4,life insurance,45,bank,own,1,unskilled resident,2,none,yes,Good Risk
< 0 DM,48,existing paid back,radio/tv,6999,< 100 DM,4 <= x < 7 yrs,1,male:mar/wid,guarantor,1,real estate,34,none,own,2,skilled,1,yes,yes,Bad Risk
0 <= x < 200 DM,12,critical account,car (new),1995,100 <= x < 500 DM,< 1 yr,4,male:single,none,1,car,27,none,own,1,skilled,1,none,yes,Good Risk
0 <= x < 200 DM,9,existing paid back,education,1199,< 100 DM,4 <= x < 7 yrs,4,female:div/dep/mar,none,4,life insurance,67,none,own,2,high qual/mgmt,1,yes,yes,Good Risk
0 <= x < 200 DM,12,existing paid back,radio/tv,1331,< 100 DM,< 1 yr,2,male:single,none,1,car,22,stores,own,1,skilled,1,none,yes,Bad Risk
0 <= x < 200 DM,18,no credits/all paid,car (new),2278,100 <= x < 500 DM,< 1 yr,3,female:div/dep/mar,none,3,car,28,none,own,2,skilled,1,none,yes,Bad Risk
no checking account,21,no credits/all paid,car (new),5003,no savings,1 <= x < 4 yrs,1,female:div/dep/mar,none,4,life insurance,29,bank,own,2,skilled,1,yes,yes,Bad Risk
< 0 DM,24,all paid back here,furniture/equip,3552,< 100 DM,4 <= x < 7 yrs,3,male:single,none,4,car,27,bank,own,1,skilled,1,none,yes,Bad Risk
0 <= x < 200 DM,18,critical account,furniture/equip,1928,< 100 DM,< 1 yr,2,male:single,none,2,real estate,31,none,own,2,unskilled resident,1,none,yes,Bad Risk
< 0 DM,24,existing paid back,car (used),2964,no savings,>= 7 yrs,4,male:single,none,4,no property,49,bank,for free,1,skilled,2,yes,yes,Good Risk
< 0 DM,24,all paid back here,radio/tv,1546,< 100 DM,4 <= x < 7 yrs,4,male:single,guarantor,4,car,24,bank,rent,1,unskilled resident,1,none,yes,Bad Risk
>= 200 DM,6,delay in past,radio/tv,683,< 100 DM,< 1 yr,2,female:div/dep/mar,none,1,life insurance,29,bank,own,1,skilled,1,none,yes,Good Risk
0 <= x < 200 DM,36,existing paid back,car (new),12389,no savings,1 <= x < 4 yrs,1,male:single,none,4,no property,37,none,for free,1,skilled,1,yes,yes,Bad Risk
0 <= x < 200 DM,24,delay in past,business,4712,no savings,1 <= x < 4 yrs,4,male:single,none,2,life insurance,37,bank,own,2,high qual/mgmt,1,yes,yes,Good Risk
0 <= x < 200 DM,24,delay in past,radio/tv,1553,100 <= x < 500 DM,4 <= x < 7 yrs,3,female:div/dep/mar,none,2,life insurance,23,none,rent,2,skilled,1,yes,yes,Good Risk
< 0 DM,12,existing paid back,car (new),1372,< 100 DM,4 <= x < 7 yrs,2,male:divorced,none,3,car,36,none,own,1,skilled,1,none,yes,Bad Risk
no checking account,24,critical account,radio/tv,2578,>= 1000 DM,>= 7 yrs,2,male:single,none,2,car,34,none,own,1,skilled,1,none,yes,Good Risk
0 <= x < 200 DM,48,existing paid back,radio/tv,3979,no savings,4 <= x < 7 yrs,4,male:single,none,1,car,41,none,own,2,skilled,2,yes,yes,Good Risk
< 0 DM,48,existing paid back,radio/tv,6758,< 100 DM,1 <= x < 4 yrs,3,female:div/dep/mar,none,2,car,31,none,own,1,skilled,1,yes,yes,Bad Risk
< 0 DM,24,existing paid back,furniture/equip,3234,< 100 DM,< 1 yr,4,female:div/dep/mar,none,4,real estate,23,none,rent,1,unskilled resident,1,yes,yes,Bad Risk
no checking account,30,critical account,radio/tv,5954,< 100 DM,4 <= x < 7 yrs,3,male:single,co-applicant,2,car,38,none,own,1,skilled,1,none,yes,Good Risk
no checking account,24,existing paid back,car (used),5433,no savings,unemployed,2,female:div/dep/mar,none,4,life insurance,26,none,rent,1,high qual/mgmt,1,yes,yes,Good Risk
< 0 DM,15,existing paid back,business,806,< 100 DM,1 <= x < 4 yrs,4,female:div/dep/mar,none,4,life insurance,22,none,own,1,unskilled resident,1,none,yes,Good Risk
0 <= x < 200 DM,9,existing paid back,radio/tv,1082,< 100 DM,>= 7 yrs,4,male:single,none,4,car,27,none,own,2,unskilled resident,1,none,yes,Good Risk
no checking account,15,critical account,furniture/equip,2788,< 100 DM,4 <= x < 7 yrs,2,female:div/dep/mar,co-applicant,3,car,24,bank,own,2,skilled,1,none,yes,Good Risk
0 <= x < 200 DM,12,existing paid back,radio/tv,2930,< 100 DM,4 <= x < 7 yrs,2,female:div/dep/mar,none,1,real estate,27,none,own,1,skilled,1,none,yes,Good Risk
no checking account,24,critical account,education,1927,no savings,1 <= x < 4 yrs,3,female:div/dep/mar,none,2,car,33,none,own,2,skilled,1,yes,yes,Good Risk
0 <= x < 200 DM,36,critical account,car (new),2820,< 100 DM,< 1 yr,4,male:divorced,none,4,car,27,none,own,2,skilled,1,none,yes,Bad Risk
no checking account,24,existing paid back,retraining,937,< 100 DM,< 1 yr,4,male:mar/wid,none,3,car,27,none,own,2,unskilled resident,1,none,yes,Good Risk
0 <= x < 200 DM,18,critical account,car (new),1056,< 100 DM,>= 7 yrs,3,male:single,guarantor,3,real estate,30,bank,own,2,skilled,1,none,yes,Bad Risk
0 <= x < 200 DM,12,critical account,car (new),3124,< 100 DM,< 1 yr,1,male:single,none,3,real estate,49,bank,own,2,unskilled resident,2,none,yes,Good Risk
no checking account,9,existing paid back,furniture/equip,1388,< 100 DM,1 <= x < 4 yrs,4,female:div/dep/mar,none,2,real estate,26,none,rent,1,skilled,1,none,yes,Good Risk
0 <= x < 200 DM,36,existing paid back,repairs,2384,< 100 DM,< 1 yr,4,male:single,none,1,no property,33,none,rent,1,unskilled resident,1,none,yes,Bad Risk
no checking account,12,existing paid back,car (new),2133,no savings,>= 7 yrs,4,female:div/dep/mar,none,4,no property,52,none,for free,1,high qual/mgmt,1,yes,yes,Good Risk
< 0 DM,18,existing paid back,furniture/equip,2039,< 100 DM,1 <= x < 4 yrs,1,female:div/dep/mar,none,4,real estate,20,bank,rent,1,skilled,1,none,yes,Bad Risk
< 0 DM,9,critical account,car (new),2799,< 100 DM,1 <= x < 4 yrs,2,male:single,none,2,real estate,36,none,rent,2,skilled,2,none,yes,Good Risk
< 0 DM,12,existing paid back,furniture/equip,1289,< 100 DM,1 <= x < 4 yrs,4,male:single,guarantor,1,life insurance,21,none,own,1,unskilled resident,1,none,yes,Good Risk
< 0 DM,18,existing paid back,domestic appliances,1217,< 100 DM,1 <= x < 4 yrs,4,male:mar/wid,none,3,real estate,47,none,own,1,unskilled resident,1,yes,yes,Bad Risk
< 0 DM,12,critical account,furniture/equip,2246,< 100 DM,>= 7 yrs,3,male:single,none,3,life insurance,60,none,own,2,skilled,1,none,yes,Bad Risk
< 0 DM,12,critical account,radio/tv,385,< 100 DM,4 <= x < 7 yrs,4,female:div/dep/mar,none,3,real estate,58,none,own,4,unskilled resident,1,yes,yes,Good Risk
0 <= x < 200 DM,24,delay in past,car (new),1965,no savings,1 <= x < 4 yrs,4,female:div/dep/mar,none,4,car,42,none,rent,2,skilled,1,yes,yes,Good Risk
no checking account,21,existing paid back,business,1572,>= 1000 DM,>= 7 yrs,4,female:div/dep/mar,none,4,real estate,36,bank,own,1,unskilled resident,1,none,yes,Good Risk
0 <= x < 200 DM,24,existing paid back,car (new),2718,< 100 DM,1 <= x < 4 yrs,3,female:div/dep/mar,none,4,life insurance,20,none,rent,1,unskilled resident,1,yes,yes,Bad Risk
< 0 DM,24,all paid back here,others,1358,no savings,>= 7 yrs,4,male:single,none,3,car,40,stores,own,1,high qual/mgmt,1,yes,yes,Bad Risk
0 <= x < 200 DM,6,all paid back here,car (new),931,100 <= x < 500 DM,< 1 yr,1,female:div/dep/mar,none,1,life insurance,32,stores,own,1,unskilled resident,1,none,yes,Bad Risk
< 0 DM,24,existing paid back,car (new),1442,< 100 DM,4 <= x < 7 yrs,4,female:div/dep/mar,none,4,car,23,none,rent,2,skilled,1,none,yes,Bad Risk
0 <= x < 200 DM,24,no credits/all paid,business,4241,< 100 DM,1 <= x < 4 yrs,1,male:single,none,4,real estate,36,none,own,3,unskilled resident,1,yes,yes,Bad Risk
no checking account,18,critical account,car (new),2775,< 100 DM,4 <= x < 7 yrs,2,male:single,none,2,life insurance,31,bank,own,2,skilled,1,none,yes,Bad Risk
no checking account,24,delay in past,business,3863,< 100 DM,1 <= x < 4 yrs,1,male:single,none,2,no property,32,none,for free,1,skilled,1,none,yes,Good Risk
0 <= x < 200 DM,7,existing paid back,radio/tv,2329,< 100 DM,< 1 yr,1,female:div/dep/mar,guarantor,1,real estate,45,none,own,1,skilled,1,none,yes,Good Risk
0 <= x < 200 DM,9,existing paid back,furniture/equip,918,< 100 DM,1 <= x < 4 yrs,4,female:div/dep/mar,none,1,life insurance,30,none,own,1,skilled,1,none,yes,Bad Risk
0 <= x < 200 DM,24,all paid back here,education,1837,< 100 DM,4 <= x < 7 yrs,4,female:div/dep/mar,none,4,no property,34,bank,for free,1,unskilled resident,1,none,yes,Bad Risk
no checking account,36,existing paid back,furniture/equip,3349,< 100 DM,1 <= x < 4 yrs,4,female:div/dep/mar,none,2,car,28,none,own,1,high qual/mgmt,1,yes,yes,Bad Risk
>= 200 DM,10,existing paid back,furniture/equip,1275,< 100 DM,< 1 yr,4,female:div/dep/mar,none,2,life insurance,23,none,own,1,skilled,1,none,yes,Good Risk
< 0 DM,24,all paid back here,furniture/equip,2828,500 <= x < 1000 DM,1 <= x < 4 yrs,4,male:single,none,4,real estate,22,stores,own,1,skilled,1,yes,yes,Good Risk
no checking account,24,critical account,business,4526,< 100 DM,1 <= x < 4 yrs,3,male:single,none,2,real estate,74,none,own,1,high qual/mgmt,1,yes,yes,Good Risk
0 <= x < 200 DM,36,existing paid back,radio/tv,2671,100 <= x < 500 DM,1 <= x < 4 yrs,4,female:div/dep/mar,co-applicant,4,no property,50,none,for free,1,skilled,1,none,yes,Bad Risk
no checking account,18,existing paid back,radio/tv,2051,< 100 DM,< 1 yr,4,male:single,none,1,real estate,33,none,own,1,skilled,1,none,yes,Good Risk
no checking account,15,existing paid back,car (used),1300,no savings,>= 7 yrs,4,male:single,none,4,no property,45,bank,for free,1,skilled,2,none,yes,Good Risk
< 0 DM,12,existing paid back,domestic appliances,741,100 <= x < 500 DM,unemployed,4,female:div/dep/mar,none,3,life insurance,22,none,own,1,skilled,1,none,yes,Bad Risk
>= 200 DM,10,existing paid back,car (new),1240,100 <= x < 500 DM,>= 7 yrs,1,female:div/dep/mar,none,4,no property,48,none,for free,1,unskilled resident,2,none,yes,Bad Risk
< 0 DM,21,existing paid back,radio/tv,3357,>= 1000 DM,< 1 yr,4,female:div/dep/mar,none,2,car,29,bank,own,1,skilled,1,none,yes,Good Risk
< 0 DM,24,all paid back here,car (used),3632,< 100 DM,1 <= x < 4 yrs,1,female:div/dep/mar,guarantor,4,car,22,bank,rent,1,skilled,1,none,no,Good Risk
no checking account,18,delay in past,furniture/equip,1808,< 100 DM,4 <= x < 7 yrs,4,female:div/dep/mar,none,1,real estate,22,none,own,1,skilled,1,none,yes,Bad Risk
0 <= x < 200 DM,48,no credits/all paid,business,12204,no savings,1 <= x < 4 yrs,2,male:single,none,2,car,48,bank,own,1,high qual/mgmt,1,yes,yes,Good Risk
0 <= x < 200 DM,60,delay in past,radio/tv,9157,no savings,1 <= x < 4 yrs,2,male:single,none,2,no property,27,none,for free,1,high qual/mgmt,1,none,yes,Good Risk
< 0 DM,6,critical account,car (new),3676,< 100 DM,1 <= x < 4 yrs,1,male:single,none,3,real estate,37,none,rent,3,skilled,2,none,yes,Good Risk
0 <= x < 200 DM,30,existing paid back,furniture/equip,3441,100 <= x < 500 DM,1 <= x < 4 yrs,2,female:div/dep/mar,co-applicant,4,car,21,none,rent,1,skilled,1,none,yes,Bad Risk
no checking account,12,existing paid back,car (new),640,< 100 DM,1 <= x < 4 yrs,4,male:divorced,none,2,real estate,49,none,own,1,unskilled resident,1,none,yes,Good Risk
0 <= x < 200 DM,21,critical account,business,3652,< 100 DM,4 <= x < 7 yrs,2,male:single,none,3,life insurance,27,none,own,2,skilled,1,none,yes,Good Risk
no checking account,18,critical account,car (new),1530,< 100 DM,1 <= x < 4 yrs,3,male:single,none,2,life insurance,32,bank,own,2,skilled,1,none,yes,Bad Risk
no checking account,48,existing paid back,business,3914,no savings,1 <= x < 4 yrs,4,male:divorced,none,2,real estate,38,bank,own,1,skilled,1,none,yes,Bad Risk
< 0 DM,12,existing paid back,furniture/equip,1858,< 100 DM,< 1 yr,4,female:div/dep/mar,none,1,car,22,none,rent,1,skilled,1,none,yes,Good Risk
< 0 DM,18,existing paid back,radio/tv,2600,< 100 DM,1 <= x < 4 yrs,4,male:single,none,4,no property,65,none,for free,2,skilled,1,none,yes,Bad Risk
no checking account,15,existing paid back,radio/tv,1979,no savings,>= 7 yrs,4,male:single,none,2,car,35,none,own,1,skilled,1,none,yes,Good Risk
>= 200 DM,6,existing paid back,furniture/equip,2116,< 100 DM,1 <= x < 4 yrs,2,male:single,none,2,real estate,41,none,own,1,skilled,1,yes,yes,Good Risk
0 <= x < 200 DM,9,all paid back here,car (new),1437,100 <= x < 500 DM,4 <= x < 7 yrs,2,male:single,none,3,no property,29,none,own,1,skilled,1,none,yes,Bad Risk
no checking account,42,critical account,furniture/equip,4042,500 <= x < 1000 DM,1 <= x < 4 yrs,4,male:single,none,4,real estate,36,none,own,2,skilled,1,yes,yes,Good Risk
no checking account,9,existing paid back,education,3832,no savings,>= 7 yrs,1,male:single,none,4,real estate,64,none,own,1,unskilled resident,1,none,yes,Good Risk
< 0 DM,24,existing paid back,radio/tv,3660,< 100 DM,1 <= x < 4 yrs,2,female:div/dep/mar,none,4,car,28,none,own,1,skilled,1,none,yes,Good Risk
< 0 DM,18,all paid back here,furniture/equip,1553,< 100 DM,1 <= x < 4 yrs,4,male:single,none,3,car,44,bank,own,1,skilled,1,none,yes,Bad Risk
0 <= x < 200 DM,15,existing paid back,radio/tv,1444,no savings,< 1 yr,4,male:single,none,1,life insurance,23,none,own,1,skilled,1,none,yes,Good Risk
no checking account,9,existing paid back,furniture/equip,1980,< 100 DM,< 1 yr,2,female:div/dep/mar,co-applicant,2,car,19,none,rent,2,skilled,1,none,yes,Bad Risk
0 <= x < 200 DM,24,existing paid back,car (new),1355,< 100 DM,< 1 yr,3,female:div/dep/mar,none,4,car,25,none,own,1,unskilled resident,1,yes,yes,Bad Risk
no checking account,12,existing paid back,education,1393,< 100 DM,>= 7 yrs,4,male:single,none,4,life insurance,47,bank,own,3,skilled,2,yes,yes,Good Risk
no checking account,24,existing paid back,radio/tv,1376,500 <= x < 1000 DM,4 <= x < 7 yrs,4,female:div/dep/mar,none,1,car,28,none,own,1,skilled,1,none,yes,Good Risk
no checking account,60,delay in past,radio/tv,15653,< 100 DM,4 <= x < 7 yrs,2,male:single,none,4,car,21,none,own,2,skilled,1,yes,yes,Good Risk
no checking account,12,existing paid back,radio/tv,1493,< 100 DM,< 1 yr,4,female:div/dep/mar,none,3,car,34,none,own,1,skilled,2,none,yes,Good Risk
< 0 DM,42,delay in past,radio/tv,4370,< 100 DM,4 <= x < 7 yrs,3,male:single,none,2,life insurance,26,bank,own,2,skilled,2,yes,yes,Bad Risk
< 0 DM,18,existing paid back,education,750,< 100 DM,unemployed,4,female:div/dep/mar,none,1,real estate,27,none,own,1,unemp/unskilled non-res,1,none,yes,Bad Risk
0 <= x < 200 DM,15,existing paid back,repairs,1308,< 100 DM,>= 7 yrs,4,male:single,none,4,car,38,none,own,2,unskilled resident,1,none,yes,Good Risk
no checking account,15,existing paid back,education,4623,100 <= x < 500 DM,1 <= x < 4 yrs,3,male:single,none,2,life insurance,40,none,own,1,high qual/mgmt,1,yes,yes,Bad Risk
no checking account,24,critical account,radio/tv,1851,< 100 DM,4 <= x < 7 yrs,4,male:mar/wid,guarantor,2,car,33,none,own,2,skilled,1,yes,yes,Good Risk
< 0 DM,18,critical account,radio/tv,1880,< 100 DM,4 <= x < 7 yrs,4,male:mar/wid,none,1,life insurance,32,none,own,2,high qual/mgmt,1,yes,yes,Good Risk
no checking account,36,delay in past,business,7980,no savings,< 1 yr,4,male:single,none,4,car,27,none,rent,2,skilled,1,yes,yes,Bad Risk
< 0 DM,30,no credits/all paid,furniture/equip,4583,< 100 DM,1 <= x < 4 yrs,2,male:divorced,guarantor,2,real estate,32,none,own,2,skilled,1,none,yes,Good Risk
no checking account,12,existing paid back,car (new),1386,500 <= x < 1000 DM,1 <= x < 4 yrs,2,female:div/dep/mar,none,2,life insurance,26,none,own,1,skilled,1,none,yes,Bad Risk
>= 200 DM,24,existing paid back,car (new),947,< 100 DM,4 <= x < 7 yrs,4,male:single,none,3,no property,38,bank,for free,1,skilled,2,none,yes,Bad Risk
< 0 DM,12,existing paid back,education,684,< 100 DM,1 <= x < 4 yrs,4,male:single,none,4,car,40,none,rent,1,unskilled resident,2,none,yes,Bad Risk
< 0 DM,48,existing paid back,education,7476,< 100 DM,4 <= x < 7 yrs,4,male:single,none,1,no property,50,none,for free,1,high qual/mgmt,1,yes,yes,Good Risk
0 <= x < 200 DM,12,existing paid back,furniture/equip,1922,< 100 DM,1 <= x < 4 yrs,4,male:single,none,2,life insurance,37,none,own,1,unskilled resident,1,none,yes,Bad Risk
< 0 DM,24,existing paid back,car (new),2303,< 100 DM,>= 7 yrs,4,male:single,co-applicant,1,real estate,45,none,own,1,skilled,1,none,yes,Bad Risk
0 <= x < 200 DM,36,delay in past,car (new),8086,100 <= x < 500 DM,>= 7 yrs,2,male:single,none,4,car,42,none,own,4,high qual/mgmt,1,yes,yes,Bad Risk
no checking account,24,critical account,car (used),2346,< 100 DM,4 <= x < 7 yrs,4,male:single,none,3,car,35,none,own,2,skilled,1,yes,yes,Good Risk
< 0 DM,14,existing paid back,car (new),3973,< 100 DM,unemployed,1,male:single,none,4,no property,22,none,for free,1,skilled,1,none,yes,Good Risk
0 <= x < 200 DM,12,existing paid back,car (new),888,< 100 DM,>= 7 yrs,4,male:single,none,4,car,41,bank,own,1,unskilled resident,2,none,yes,Bad Risk
no checking account,48,existing paid back,radio/tv,10222,no savings,4 <= x < 7 yrs,4,male:single,none,3,car,37,stores,own,1,skilled,1,yes,yes,Good Risk
0 <= x < 200 DM,30,no credits/all paid,business,4221,< 100 DM,1 <= x < 4 yrs,2,female:div/dep/mar,none,1,car,28,none,own,2,skilled,1,none,yes,Good Risk
0 <= x < 200 DM,18,critical account,furniture/equip,6361,< 100 DM,>= 7 yrs,2,male:single,none,1,no property,41,none,own,1,skilled,1,yes,yes,Good Risk
>= 200 DM,12,existing paid back,radio/tv,1297,< 100 DM,1 <= x < 4 yrs,3,male:mar/wid,none,4,real estate,23,none,rent,1,skilled,1,none,yes,Good Risk
< 0 DM,12,existing paid back,car (new),900,no savings,1 <= x < 4 yrs,4,male:mar/wid,none,2,car,23,none,own,1,skilled,1,none,yes,Bad Risk
no checking account,21,existing paid back,furniture/equip,2241,< 100 DM,>= 7 yrs,4,male:single,none,2,real estate,50,none,own,2,skilled,1,none,yes,Good Risk
0 <= x < 200 DM,6,delay in past,furniture/equip,1050,< 100 DM,unemployed,4,male:single,none,1,life insurance,35,stores,own,2,high qual/mgmt,1,yes,yes,Good Risk
>= 200 DM,6,critical account,education,1047,< 100 DM,1 <= x < 4 yrs,2,female:div/dep/mar,none,4,life insurance,50,none,own,1,unskilled resident,1,none,yes,Good Risk
no checking account,24,critical account,others,6314,< 100 DM,unemployed,4,male:single,co-applicant,2,no property,27,bank,own,2,high qual/mgmt,1,yes,yes,Good Risk
0 <= x < 200 DM,30,all paid back here,furniture/equip,3496,>= 1000 DM,1 <= x < 4 yrs,4,male:single,none,2,car,34,stores,own,1,skilled,2,yes,yes,Good Risk
no checking account,48,all paid back here,business,3609,< 100 DM,1 <= x < 4 yrs,1,female:div/dep/mar,none,1,real estate,27,stores,own,1,skilled,1,none,yes,Good Risk
< 0 DM,12,critical account,car (new),4843,< 100 DM,>= 7 yrs,3,male:single,co-applicant,4,life insurance,43,none,rent,2,skilled,1,yes,yes,Bad Risk
>= 200 DM,30,critical account,radio/tv,3017,< 100 DM,>= 7 yrs,4,male:single,none,4,life insurance,47,none,own,1,skilled,1,none,yes,Good Risk
no checking account,24,critical account,business,4139,100 <= x < 500 DM,1 <= x < 4 yrs,3,male:single,none,3,life insurance,27,none,own,2,unskilled resident,1,yes,yes,Good Risk
no checking account,36,existing paid back,business,5742,100 <= x < 500 DM,4 <= x < 7 yrs,2,male:single,none,2,car,31,none,own,2,skilled,1,yes,yes,Good Risk
no checking account,60,existing paid back,car (new),10366,< 100 DM,>= 7 yrs,2,male:single,none,4,life insurance,42,none,own,1,high qual/mgmt,1,yes,yes,Good Risk
no checking account,6,critical account,car (new),2080,500 <= x < 1000 DM,1 <= x < 4 yrs,1,male:mar/wid,none,2,car,24,none,own,1,skilled,1,none,yes,Good Risk
no checking account,21,delay in past,business,2580,500 <= x < 1000 DM,< 1 yr,4,male:single,none,2,real estate,41,bank,own,1,unskilled resident,2,none,yes,Bad Risk
no checking account,30,critical account,radio/tv,4530,< 100 DM,4 <= x < 7 yrs,4,female:div/dep/mar,none,4,car,26,none,rent,1,high qual/mgmt,1,yes,yes,Good Risk
no checking account,24,critical account,furniture/equip,5150,< 100 DM,>= 7 yrs,4,male:single,none,4,car,33,none,own,1,skilled,1,yes,yes,Good Risk
0 <= x < 200 DM,72,existing paid back,radio/tv,5595,100 <= x < 500 DM,1 <= x < 4 yrs,2,male:mar/wid,none,2,car,24,none,own,1,skilled,1,none,yes,Bad Risk
< 0 DM,24,existing paid back,radio/tv,2384,< 100 DM,>= 7 yrs,4,male:single,none,4,real estate,64,bank,rent,1,unskilled resident,1,none,yes,Good Risk
no checking account,18,existing paid back,radio/tv,1453,< 100 DM,< 1 yr,3,female:div/dep/mar,none,1,real estate,26,none,own,1,skilled,1,none,yes,Good Risk
no checking account,6,existing paid back,education,1538,< 100 DM,< 1 yr,1,female:div/dep/mar,none,2,no property,56,none,own,1,skilled,1,none,yes,Good Risk
no checking account,12,existing paid back,radio/tv,2279,no savings,1 <= x < 4 yrs,4,male:single,none,4,no property,37,none,for free,1,skilled,1,yes,yes,Good Risk
no checking account,15,delay in past,radio/tv,1478,< 100 DM,1 <= x < 4 yrs,4,male:mar/wid,none,3,real estate,33,bank,own,2,skilled,1,none,yes,Good Risk
no checking account,24,critical account,radio/tv,5103,< 100 DM,< 1 yr,3,male:mar/wid,none,3,no property,47,none,for free,3,skilled,1,yes,yes,Good Risk
0 <= x < 200 DM,36,delay in past,business,9857,100 <= x < 500 DM,4 <= x < 7 yrs,1,male:single,none,3,life insurance,31,none,own,2,unskilled resident,2,yes,yes,Good Risk
no checking account,60,existing paid back,car (new),6527,no savings,1 <= x < 4 yrs,4,male:single,none,4,no property,34,none,for free,1,skilled,2,yes,yes,Good Risk
>= 200 DM,10,critical account,radio/tv,1347,no savings,4 <= x < 7 yrs,4,male:single,none,2,life insurance,27,none,own,2,skilled,1,yes,yes,Good Risk
0 <= x < 200 DM,36,delay in past,car (new),2862,100 <= x < 500 DM,>= 7 yrs,4,male:single,none,3,no property,30,none,for free,1,skilled,1,none,yes,Good Risk
no checking account,9,existing paid back,radio/tv,2753,100 <= x < 500 DM,>= 7 yrs,3,male:single,co-applicant,4,car,35,none,own,1,skilled,1,yes,yes,Good Risk
< 0 DM,12,existing paid back,car (new),3651,>= 1000 DM,1 <= x < 4 yrs,1,male:single,none,3,life insurance,31,none,own,1,skilled,2,none,yes,Good Risk
< 0 DM,15,critical account,furniture/equip,975,< 100 DM,1 <= x < 4 yrs,2,male:divorced,none,3,life insurance,25,none,own,2,skilled,1,none,yes,Good Risk
0 <= x < 200 DM,15,existing paid back,repairs,2631,100 <= x < 500 DM,1 <= x < 4 yrs,3,female:div/dep/mar,none,2,real estate,25,none,own,1,unskilled resident,1,none,yes,Good Risk
0 <= x < 200 DM,24,existing paid back,radio/tv,2896,100 <= x < 500 DM,< 1 yr,2,male:single,none,1,car,29,none,own,1,skilled,1,none,yes,Good Risk
< 0 DM,6,critical account,car (new),4716,no savings,< 1 yr,1,male:single,none,3,real estate,44,none,own,2,unskilled resident,2,none,yes,Good Risk
no checking account,24,existing paid back,radio/tv,2284,< 100 DM,4 <= x < 7 yrs,4,male:single,none,2,car,28,none,own,1,skilled,1,yes,yes,Good Risk
no checking account,6,existing paid back,car (used),1236,500 <= x < 1000 DM,1 <= x < 4 yrs,2,male:single,none,4,life insurance,50,none,rent,1,skilled,1,none,yes,Good Risk
0 <= x < 200 DM,12,existing paid back,radio/tv,1103,< 100 DM,4 <= x < 7 yrs,4,male:single,guarantor,3,real estate,29,none,own,2,skilled,1,none,no,Good Risk
no checking account,12,critical account,car (new),926,< 100 DM,unemployed,1,female:div/dep/mar,none,2,life insurance,38,none,own,1,unemp/unskilled non-res,1,none,yes,Good Risk
no checking account,18,critical account,radio/tv,1800,< 100 DM,1 <= x < 4 yrs,4,male:single,none,2,car,24,none,own,2,skilled,1,none,yes,Good Risk
>= 200 DM,15,existing paid back,education,1905,< 100 DM,>= 7 yrs,4,male:single,none,4,car,40,none,rent,1,high qual/mgmt,1,yes,yes,Good Risk
no checking account,12,existing paid back,furniture/equip,1123,500 <= x < 1000 DM,1 <= x < 4 yrs,4,female:div/dep/mar,none,4,car,29,none,rent,1,unskilled resident,1,none,yes,Bad Risk
< 0 DM,48,critical account,car (used),6331,< 100 DM,>= 7 yrs,4,male:single,none,4,no property,46,none,for free,2,skilled,1,yes,yes,Bad Risk
>= 200 DM,24,existing paid back,radio/tv,1377,100 <= x < 500 DM,>= 7 yrs,4,female:div/dep/mar,none,2,no property,47,none,for free,1,skilled,1,yes,yes,Good Risk
0 <= x < 200 DM,30,delay in past,business,2503,100 <= x < 500 DM,>= 7 yrs,4,male:single,none,2,life insurance,41,stores,own,2,skilled,1,none,yes,Good Risk
0 <= x < 200 DM,27,existing paid back,business,2528,< 100 DM,< 1 yr,4,female:div/dep/mar,none,1,life insurance,32,none,own,1,skilled,2,yes,yes,Good Risk
no checking account,15,existing paid back,car (new),5324,500 <= x < 1000 DM,>= 7 yrs,1,female:div/dep/mar,none,4,no property,35,none,for free,1,skilled,1,none,yes,Good Risk
0 <= x < 200 DM,48,existing paid back,car (new),6560,100 <= x < 500 DM,4 <= x < 7 yrs,3,male:single,none,2,life insurance,24,none,own,1,skilled,1,none,yes,Bad Risk
0 <= x < 200 DM,12,no credits/all paid,furniture/equip,2969,< 100 DM,< 1 yr,4,female:div/dep/mar,none,3,life insurance,25,none,rent,2,skilled,1,none,yes,Bad Risk
0 <= x < 200 DM,9,existing paid back,radio/tv,1206,< 100 DM,>= 7 yrs,4,female:div/dep/mar,none,4,real estate,25,none,own,1,skilled,1,none,yes,Good Risk
0 <= x < 200 DM,9,existing paid back,radio/tv,2118,< 100 DM,1 <= x < 4 yrs,2,male:single,none,2,real estate,37,none,own,1,unskilled resident,2,none,yes,Good Risk
no checking account,18,critical account,radio/tv,629,500 <= x < 1000 DM,>= 7 yrs,4,male:single,none,3,life insurance,32,bank,own,2,high qual/mgmt,1,yes,yes,Good Risk
< 0 DM,6,all paid back here,education,1198,< 100 DM,>= 7 yrs,4,female:div/dep/mar,none,4,no property,35,none,for free,1,skilled,1,none,yes,Bad Risk
no checking account,21,existing paid back,car (used),2476,no savings,>= 7 yrs,4,male:single,none,4,real estate,46,none,own,1,high qual/mgmt,1,yes,yes,Good Risk
< 0 DM,9,critical account,radio/tv,1138,< 100 DM,1 <= x < 4 yrs,4,male:single,none,4,real estate,25,none,own,2,unskilled resident,1,none,yes,Good Risk
0 <= x < 200 DM,60,existing paid back,car (new),14027,< 100 DM,4 <= x < 7 yrs,4,male:single,none,2,no property,27,none,own,1,high qual/mgmt,1,yes,yes,Bad Risk
no checking account,30,critical account,car (used),7596,no savings,>= 7 yrs,1,male:single,none,4,car,63,none,own,2,skilled,1,none,yes,Good Risk
no checking account,30,critical account,radio/tv,3077,no savings,>= 7 yrs,3,male:single,none,2,car,40,none,own,2,skilled,2,yes,yes,Good Risk
no checking account,18,existing paid back,radio/tv,1505,< 100 DM,1 <= x < 4 yrs,4,male:single,none,2,no property,32,none,for free,1,high qual/mgmt,1,yes,yes,Good Risk
>= 200 DM,24,critical account,radio/tv,3148,no savings,1 <= x < 4 yrs,3,male:single,none,2,car,31,none,own,2,skilled,1,yes,yes,Good Risk
0 <= x < 200 DM,20,no credits/all paid,car (used),6148,100 <= x < 500 DM,>= 7 yrs,3,male:mar/wid,none,4,car,31,bank,own,2,skilled,1,yes,yes,Good Risk
>= 200 DM,9,no credits/all paid,radio/tv,1337,< 100 DM,< 1 yr,4,male:single,none,2,car,34,none,own,2,high qual/mgmt,1,yes,yes,Bad Risk
0 <= x < 200 DM,6,all paid back here,education,433,>= 1000 DM,< 1 yr,4,female:div/dep/mar,none,2,life insurance,24,bank,rent,1,skilled,2,none,yes,Bad Risk
< 0 DM,12,existing paid back,car (new),1228,< 100 DM,1 <= x < 4 yrs,4,female:div/dep/mar,none,2,real estate,24,none,own,1,unskilled resident,1,none,yes,Bad Risk
0 <= x < 200 DM,9,existing paid back,radio/tv,790,500 <= x < 1000 DM,1 <= x < 4 yrs,4,female:div/dep/mar,none,3,real estate,66,none,own,1,unskilled resident,1,none,yes,Good Risk
no checking account,27,existing paid back,car (new),2570,< 100 DM,1 <= x < 4 yrs,3,female:div/dep/mar,none,3,real estate,21,none,rent,1,skilled,1,none,yes,Bad Risk
no checking account,6,critical account,car (new),250,>= 1000 DM,1 <= x < 4 yrs,2,female:div/dep/mar,none,2,real estate,41,bank,own,2,unskilled resident,1,none,yes,Good Risk
no checking account,15,critical account,radio/tv,1316,500 <= x < 1000 DM,1 <= x < 4 yrs,2,male:mar/wid,none,2,life insurance,47,none,own,2,unskilled resident,1,none,yes,Good Risk
< 0 DM,18,existing paid back,radio/tv,1882,< 100 DM,1 <= x < 4 yrs,4,female:div/dep/mar,none,4,car,25,bank,rent,2,skilled,1,none,yes,Bad Risk
0 <= x < 200 DM,48,all paid back here,business,6416,< 100 DM,>= 7 yrs,4,female:div/dep/mar,none,3,no property,59,none,rent,1,skilled,1,none,yes,Bad Risk
>= 200 DM,24,critical account,business,1275,>= 1000 DM,1 <= x < 4 yrs,2,male:divorced,none,4,real estate,36,none,own,2,skilled,1,yes,yes,Good Risk
0 <= x < 200 DM,24,delay in past,radio/tv,6403,< 100 DM,< 1 yr,1,male:single,none,2,car,33,none,own,1,skilled,1,none,yes,Good Risk
< 0 DM,24,existing paid back,radio/tv,1987,< 100 DM,1 <= x < 4 yrs,2,male:single,none,4,real estate,21,none,rent,1,unskilled resident,2,none,yes,Bad Risk
0 <= x < 200 DM,8,existing paid back,radio/tv,760,< 100 DM,4 <= x < 7 yrs,4,female:div/dep/mar,guarantor,2,real estate,44,none,own,1,unskilled resident,1,none,yes,Good Risk
no checking account,24,existing paid back,car (used),2603,>= 1000 DM,1 <= x < 4 yrs,2,female:div/dep/mar,none,4,car,28,none,rent,1,skilled,1,yes,yes,Good Risk
no checking account,4,critical account,car (new),3380,< 100 DM,4 <= x < 7 yrs,1,female:div/dep/mar,none,1,real estate,37,none,own,1,skilled,2,none,yes,Good Risk
0 <= x < 200 DM,36,all paid back here,domestic appliances,3990,no savings,< 1 yr,3,female:div/dep/mar,none,2,no property,29,bank,own,1,unemp/unskilled non-res,1,none,yes,Good Risk
0 <= x < 200 DM,24,existing paid back,car (used),11560,< 100 DM,1 <= x < 4 yrs,1,female:div/dep/mar,none,4,car,23,none,rent,2,high qual/mgmt,1,none,yes,Bad Risk
< 0 DM,18,existing paid back,car (new),4380,100 <= x < 500 DM,1 <= x < 4 yrs,3,male:single,none,4,car,35,none,own,1,unskilled resident,2,yes,yes,Good Risk
no checking account,6,critical account,car (new),6761,< 100 DM,4 <= x < 7 yrs,1,male:single,none,3,no property,45,none,own,2,high qual/mgmt,2,yes,yes,Good Risk
0 <= x < 200 DM,30,no credits/all paid,business,4280,100 <= x < 500 DM,1 <= x < 4 yrs,4,female:div/dep/mar,none,4,car,26,none,rent,2,unskilled resident,1,none,yes,Bad Risk
< 0 DM,24,all paid back here,car (new),2325,100 <= x < 500 DM,4 <= x < 7 yrs,2,male:single,none,3,car,32,bank,own,1,skilled,1,none,yes,Good Risk
0 <= x < 200 DM,10,all paid back here,radio/tv,1048,< 100 DM,1 <= x < 4 yrs,4,male:single,none,4,real estate,23,stores,own,1,unskilled resident,1,none,yes,Good Risk
no checking account,21,existing paid back,radio/tv,3160,no savings,>= 7 yrs,4,male:single,none,3,life insurance,41,none,own,1,skilled,1,yes,yes,Good Risk
< 0 DM,24,all paid back here,furniture/equip,2483,500 <= x < 1000 DM,1 <= x < 4 yrs,4,male:single,none,4,real estate,22,stores,own,1,skilled,1,yes,yes,Good Risk
< 0 DM,39,critical account,furniture/equip,14179,no savings,4 <= x < 7 yrs,4,male:single,none,4,life insurance,30,none,own,2,high qual/mgmt,1,yes,yes,Good Risk
< 0 DM,13,critical account,business,1797,< 100 DM,< 1 yr,3,male:single,none,1,life insurance,28,bank,own,2,unskilled resident,1,none,yes,Good Risk
< 0 DM,15,existing paid back,car (new),2511,< 100 DM,unemployed,1,female:div/dep/mar,none,4,car,23,none,rent,1,skilled,1,none,yes,Good Risk
< 0 DM,12,existing paid back,car (new),1274,< 100 DM,< 1 yr,3,female:div/dep/mar,none,1,real estate,37,none,own,1,unskilled resident,1,none,yes,Bad Risk
no checking account,21,existing paid back,car (used),5248,no savings,1 <= x < 4 yrs,1,male:single,none,3,car,26,none,own,1,skilled,1,none,yes,Good Risk
no checking account,15,existing paid back,car (used),3029,< 100 DM,4 <= x < 7 yrs,2,male:single,none,2,car,33,none,own,1,skilled,1,none,yes,Good Risk
< 0 DM,6,existing paid back,furniture/equip,428,< 100 DM,>= 7 yrs,2,female:div/dep/mar,none,1,life insurance,49,bank,own,1,skilled,1,yes,yes,Good Risk
< 0 DM,18,existing paid back,car (new),976,< 100 DM,< 1 yr,1,female:div/dep/mar,none,2,car,23,none,own,1,unskilled resident,1,none,yes,Bad Risk
0 <= x < 200 DM,12,existing paid back,business,841,100 <= x < 500 DM,4 <= x < 7 yrs,2,female:div/dep/mar,none,4,real estate,23,none,rent,1,unskilled resident,1,none,yes,Good Risk
no checking account,30,critical account,radio/tv,5771,< 100 DM,4 <= x < 7 yrs,4,female:div/dep/mar,none,2,car,25,none,own,2,skilled,1,none,yes,Good Risk
no checking account,12,delay in past,repairs,1555,>= 1000 DM,>= 7 yrs,4,male:single,none,4,no property,55,none,for free,2,skilled,2,none,yes,Bad Risk
< 0 DM,24,existing paid back,car (new),1285,no savings,4 <= x < 7 yrs,4,female:div/dep/mar,none,4,no property,32,none,rent,1,skilled,1,none,yes,Bad Risk
>= 200 DM,6,critical account,car (new),1299,< 100 DM,1 <= x < 4 yrs,1,male:single,none,1,real estate,74,none,own,3,unemp/unskilled non-res,2,none,no,Good Risk
>= 200 DM,15,critical account,radio/tv,1271,no savings,1 <= x < 4 yrs,3,male:single,none,4,no property,39,none,for free,2,skilled,1,yes,yes,Bad Risk
no checking account,24,existing paid back,car (new),1393,< 100 DM,1 <= x < 4 yrs,2,male:single,guarantor,2,real estate,31,none,own,1,skilled,1,yes,yes,Good Risk
< 0 DM,12,critical account,car (new),691,< 100 DM,>= 7 yrs,4,male:single,none,3,life insurance,35,none,own,2,skilled,1,none,yes,Bad Risk
no checking account,15,critical account,car (new),5045,no savings,>= 7 yrs,1,female:div/dep/mar,none,4,car,59,none,own,1,skilled,1,yes,yes,Good Risk
< 0 DM,18,critical account,furniture/equip,2124,< 100 DM,1 <= x < 4 yrs,4,female:div/dep/mar,none,4,real estate,24,none,rent,2,skilled,1,none,yes,Bad Risk
< 0 DM,12,existing paid back,radio/tv,2214,< 100 DM,1 <= x < 4 yrs,4,male:single,none,3,life insurance,24,none,own,1,unskilled resident,1,none,yes,Good Risk
no checking account,21,critical account,car (new),12680,no savings,>= 7 yrs,4,male:single,none,4,no property,30,none,for free,1,high qual/mgmt,1,yes,yes,Bad Risk
no checking account,24,critical account,car (new),2463,100 <= x < 500 DM,4 <= x < 7 yrs,4,male:mar/wid,none,3,life insurance,27,none,own,2,skilled,1,yes,yes,Good Risk
0 <= x < 200 DM,12,existing paid back,radio/tv,1155,< 100 DM,>= 7 yrs,3,male:mar/wid,guarantor,3,real estate,40,bank,own,2,unskilled resident,1,none,yes,Good Risk
< 0 DM,30,existing paid back,furniture/equip,3108,< 100 DM,< 1 yr,2,male:divorced,none,4,life insurance,31,none,own,1,unskilled resident,1,none,yes,Bad Risk
no checking account,10,existing paid back,car (used),2901,no savings,< 1 yr,1,female:div/dep/mar,none,4,real estate,31,none,rent,1,skilled,1,none,yes,Good Risk
0 <= x < 200 DM,12,critical account,furniture/equip,3617,< 100 DM,>= 7 yrs,1,male:single,none,4,car,28,none,rent,3,skilled,1,yes,yes,Good Risk
no checking account,12,critical account,radio/tv,1655,< 100 DM,>= 7 yrs,2,male:single,none,4,real estate,63,none,own,2,unskilled resident,1,yes,yes,Good Risk
< 0 DM,24,existing paid back,car (used),2812,no savings,>= 7 yrs,2,female:div/dep/mar,none,4,real estate,26,none,rent,1,skilled,1,none,yes,Good Risk
< 0 DM,36,critical account,education,8065,< 100 DM,1 <= x < 4 yrs,3,female:div/dep/mar,none,2,no property,25,none,own,2,high qual/mgmt,1,yes,yes,Bad Risk
no checking account,21,critical account,car (used),3275,< 100 DM,>= 7 yrs,1,male:single,none,4,car,36,none,own,1,high qual/mgmt,1,yes,yes,Good Risk
no checking account,24,critical account,radio/tv,2223,100 <= x < 500 DM,>= 7 yrs,4,male:single,none,4,life insurance,52,bank,own,2,skilled,1,none,yes,Good Risk
>= 200 DM,12,critical account,car (new),1480,500 <= x < 1000 DM,unemployed,2,male:single,none,4,no property,66,bank,for free,3,unemp/unskilled non-res,1,none,yes,Good Risk
< 0 DM,24,existing paid back,car (new),1371,no savings,1 <= x < 4 yrs,4,female:div/dep/mar,none,4,real estate,25,none,rent,1,skilled,1,none,yes,Bad Risk
no checking account,36,critical account,car (new),3535,< 100 DM,4 <= x < 7 yrs,4,male:single,none,4,car,37,none,own,2,skilled,1,yes,yes,Good Risk
< 0 DM,18,existing paid back,radio/tv,3509,< 100 DM,4 <= x < 7 yrs,4,female:div/dep/mar,guarantor,1,real estate,25,none,own,1,skilled,1,none,yes,Good Risk
no checking account,36,critical account,car (used),5711,>= 1000 DM,>= 7 yrs,4,male:single,none,2,car,38,none,own,2,high qual/mgmt,1,yes,yes,Good Risk
0 <= x < 200 DM,18,existing paid back,repairs,3872,< 100 DM,unemployed,2,female:div/dep/mar,none,4,car,67,none,own,1,skilled,1,yes,yes,Good Risk
0 <= x < 200 DM,39,critical account,radio/tv,4933,< 100 DM,4 <= x < 7 yrs,2,male:single,guarantor,2,real estate,25,none,own,2,skilled,1,none,yes,Bad Risk
no checking account,24,critical account,car (new),1940,>= 1000 DM,>= 7 yrs,4,male:single,none,4,real estate,60,none,own,1,skilled,1,yes,yes,Good Risk
0 <= x < 200 DM,12,no credits/all paid,retraining,1410,< 100 DM,1 <= x < 4 yrs,2,male:single,none,2,real estate,31,none,own,1,unskilled resident,1,yes,yes,Good Risk
0 <= x < 200 DM,12,existing paid back,car (new),836,100 <= x < 500 DM,< 1 yr,4,female:div/dep/mar,none,2,life insurance,23,bank,own,1,unskilled resident,1,none,yes,Bad Risk
0 <= x < 200 DM,20,existing paid back,car (used),6468,no savings,unemployed,1,male:divorced,none,4,real estate,60,none,own,1,high qual/mgmt,1,yes,yes,Good Risk
0 <= x < 200 DM,18,existing paid back,business,1941,>= 1000 DM,1 <= x < 4 yrs,4,male:single,none,2,life insurance,35,none,own,1,unskilled resident,1,yes,yes,Good Risk
no checking account,22,existing paid back,radio/tv,2675,500 <= x < 1000 DM,>= 7 yrs,3,male:single,none,4,car,40,none,own,1,skilled,1,none,yes,Good Risk
no checking account,48,critical account,car (used),2751,no savings,>= 7 yrs,4,male:single,none,3,car,38,none,own,2,skilled,2,yes,yes,Good Risk
0 <= x < 200 DM,48,delay in past,education,6224,< 100 DM,>= 7 yrs,4,male:single,none,4,no property,50,none,for free,1,skilled,1,none,yes,Bad Risk
< 0 DM,40,critical account,education,5998,< 100 DM,1 <= x < 4 yrs,4,male:single,none,3,no property,27,bank,own,1,skilled,1,yes,yes,Bad Risk
0 <= x < 200 DM,21,existing paid back,business,1188,< 100 DM,>= 7 yrs,2,female:div/dep/mar,none,4,life insurance,39,none,own,1,skilled,2,none,yes,Bad Risk
no checking account,24,existing paid back,car (used),6313,no savings,>= 7 yrs,3,male:single,none,4,car,41,none,own,1,high qual/mgmt,2,yes,yes,Good Risk
no checking account,6,critical account,furniture/equip,1221,no savings,1 <= x < 4 yrs,1,male:mar/wid,none,2,life insurance,27,none,own,2,skilled,1,none,yes,Good Risk
>= 200 DM,24,existing paid back,furniture/equip,2892,< 100 DM,>= 7 yrs,3,male:divorced,none,4,no property,51,none,for free,1,skilled,1,none,yes,Good Risk
no checking account,24,existing paid back,furniture/equip,3062,500 <= x < 1000 DM,>= 7 yrs,4,male:single,none,3,no property,32,none,rent,1,skilled,1,yes,yes,Good Risk
no checking account,9,existing paid back,furniture/equip,2301,100 <= x < 500 DM,< 1 yr,2,female:div/dep/mar,none,4,life insurance,22,none,rent,1,skilled,1,none,yes,Good Risk
< 0 DM,18,existing paid back,car (used),7511,no savings,>= 7 yrs,1,male:single,none,4,life insurance,51,none,for free,1,skilled,2,yes,yes,Bad Risk
no checking account,12,critical account,furniture/equip,1258,< 100 DM,< 1 yr,2,female:div/dep/mar,none,4,life insurance,22,none,rent,2,unskilled resident,1,none,yes,Good Risk
no checking account,24,delay in past,car (new),717,no savings,>= 7 yrs,4,male:mar/wid,none,4,car,54,none,own,2,skilled,1,yes,yes,Good Risk
0 <= x < 200 DM,9,existing paid back,car (new),1549,no savings,< 1 yr,4,male:single,none,2,real estate,35,none,own,1,unemp/unskilled non-res,1,none,yes,Good Risk
no checking account,24,critical account,education,1597,< 100 DM,>= 7 yrs,4,male:single,none,4,no property,54,none,for free,2,skilled,2,none,yes,Good Risk
0 <= x < 200 DM,18,critical account,radio/tv,1795,< 100 DM,>= 7 yrs,3,female:div/dep/mar,guarantor,4,real estate,48,bank,rent,2,unskilled resident,1,yes,yes,Good Risk
< 0 DM,20,critical account,furniture/equip,4272,< 100 DM,>= 7 yrs,1,female:div/dep/mar,none,4,life insurance,24,none,own,2,skilled,1,none,yes,Good Risk
no checking account,12,critical account,radio/tv,976,no savings,>= 7 yrs,4,male:single,none,4,car,35,none,own,2,skilled,1,none,yes,Good Risk
0 <= x < 200 DM,12,existing paid back,car (new),7472,no savings,unemployed,1,female:div/dep/mar,none,2,real estate,24,none,rent,1,unemp/unskilled non-res,1,none,yes,Good Risk
< 0 DM,36,existing paid back,car (new),9271,< 100 DM,4 <= x < 7 yrs,2,male:single,none,1,car,24,none,own,1,skilled,1,yes,yes,Bad Risk
0 <= x < 200 DM,6,existing paid back,radio/tv,590,< 100 DM,< 1 yr,3,male:mar/wid,none,3,real estate,26,none,own,1,unskilled resident,1,none,no,Good Risk
no checking account,12,critical account,radio/tv,930,no savings,>= 7 yrs,4,male:single,none,4,real estate,65,none,own,4,skilled,1,none,yes,Good Risk
0 <= x < 200 DM,42,all paid back here,car (used),9283,< 100 DM,unemployed,1,male:single,none,2,no property,55,bank,for free,1,high qual/mgmt,1,yes,yes,Good Risk
0 <= x < 200 DM,15,no credits/all paid,car (new),1778,< 100 DM,< 1 yr,2,female:div/dep/mar,none,1,real estate,26,none,rent,2,unemp/unskilled non-res,1,none,yes,Bad Risk
0 <= x < 200 DM,8,existing paid back,business,907,< 100 DM,< 1 yr,3,male:mar/wid,none,2,real estate,26,none,own,1,skilled,1,yes,yes,Good Risk
0 <= x < 200 DM,6,existing paid back,radio/tv,484,< 100 DM,4 <= x < 7 yrs,3,male:mar/wid,guarantor,3,real estate,28,bank,own,1,unskilled resident,1,none,yes,Good Risk
< 0 DM,36,critical account,car (used),9629,< 100 DM,4 <= x < 7 yrs,4,male:single,none,4,car,24,none,own,2,skilled,1,yes,yes,Bad Risk
< 0 DM,48,existing paid back,domestic appliances,3051,< 100 DM,1 <= x < 4 yrs,3,male:single,none,4,car,54,none,own,1,skilled,1,none,yes,Bad Risk
< 0 DM,48,existing paid back,car (new),3931,< 100 DM,4 <= x < 7 yrs,4,male:single,none,4,no property,46,none,for free,1,skilled,2,none,yes,Bad Risk
0 <= x < 200 DM,36,delay in past,car (new),7432,< 100 DM,1 <= x < 4 yrs,2,female:div/dep/mar,none,2,life insurance,54,none,rent,1,skilled,1,none,yes,Good Risk
no checking account,6,existing paid back,domestic appliances,1338,500 <= x < 1000 DM,1 <= x < 4 yrs,1,male:divorced,none,4,real estate,62,none,own,1,skilled,1,none,yes,Good Risk
no checking account,6,critical account,radio/tv,1554,< 100 DM,4 <= x < 7 yrs,1,female:div/dep/mar,none,2,car,24,none,rent,2,skilled,1,yes,yes,Good Risk
< 0 DM,36,existing paid back,others,15857,< 100 DM,unemployed,2,male:divorced,co-applicant,3,car,43,none,own,1,high qual/mgmt,1,none,yes,Good Risk
< 0 DM,18,existing paid back,radio/tv,1345,< 100 DM,1 <= x < 4 yrs,4,male:mar/wid,none,3,real estate,26,bank,own,1,skilled,1,none,yes,Bad Risk
no checking account,12,existing paid back,car (new),1101,< 100 DM,1 <= x < 4 yrs,3,male:mar/wid,none,2,real estate,27,none,own,2,skilled,1,yes,yes,Good Risk
>= 200 DM,12,existing paid back,radio/tv,3016,< 100 DM,1 <= x < 4 yrs,3,male:mar/wid,none,1,car,24,none,own,1,skilled,1,none,yes,Good Risk
< 0 DM,36,existing paid back,furniture/equip,2712,< 100 DM,>= 7 yrs,2,male:single,none,2,life insurance,41,bank,own,1,skilled,2,none,yes,Bad Risk
< 0 DM,8,critical account,car (new),731,< 100 DM,>= 7 yrs,4,male:single,none,4,real estate,47,none,own,2,unskilled resident,1,none,yes,Good Risk
no checking account,18,critical account,furniture/equip,3780,< 100 DM,< 1 yr,3,male:divorced,none,2,car,35,none,own,2,high qual/mgmt,1,yes,yes,Good Risk
< 0 DM,21,critical account,car (new),1602,< 100 DM,>= 7 yrs,4,male:mar/wid,none,3,car,30,none,own,2,skilled,1,yes,yes,Good Risk
< 0 DM,18,critical account,car (new),3966,< 100 DM,>= 7 yrs,1,female:div/dep/mar,none,4,real estate,33,bank,rent,3,skilled,1,yes,yes,Bad Risk
no checking account,18,no credits/all paid,business,4165,< 100 DM,1 <= x < 4 yrs,2,male:single,none,2,car,36,stores,own,2,skilled,2,none,yes,Bad Risk
< 0 DM,36,existing paid back,car (used),8335,no savings,>= 7 yrs,3,male:single,none,4,no property,47,none,for free,1,skilled,1,none,yes,Bad Risk
0 <= x < 200 DM,48,delay in past,business,6681,no savings,1 <= x < 4 yrs,4,male:single,none,4,no property,38,none,for free,1,skilled,2,yes,yes,Good Risk
no checking account,24,delay in past,business,2375,500 <= x < 1000 DM,1 <= x < 4 yrs,4,male:single,none,2,car,44,none,own,2,skilled,2,yes,yes,Good Risk
< 0 DM,18,existing paid back,car (new),1216,< 100 DM,< 1 yr,4,female:div/dep/mar,none,3,car,23,none,rent,1,skilled,1,yes,yes,Bad Risk
< 0 DM,45,no credits/all paid,business,11816,< 100 DM,>= 7 yrs,2,male:single,none,4,car,29,none,rent,2,skilled,1,none,yes,Bad Risk
0 <= x < 200 DM,24,existing paid back,radio/tv,5084,no savings,>= 7 yrs,2,female:div/dep/mar,none,4,car,42,none,own,1,skilled,1,yes,yes,Good Risk
>= 200 DM,15,existing paid back,radio/tv,2327,< 100 DM,< 1 yr,2,female:div/dep/mar,none,3,real estate,25,none,own,1,unskilled resident,1,none,yes,Bad Risk
< 0 DM,12,no credits/all paid,car (new),1082,< 100 DM,1 <= x < 4 yrs,4,male:single,none,4,car,48,bank,own,2,skilled,1,none,yes,Bad Risk
no checking account,12,existing paid back,radio/tv,886,no savings,1 <= x < 4 yrs,4,female:div/dep/mar,none,2,car,21,none,own,1,skilled,1,none,yes,Good Risk
no checking account,4,existing paid back,furniture/equip,601,< 100 DM,< 1 yr,1,female:div/dep/mar,none,3,real estate,23,none,rent,1,unskilled resident,2,none,yes,Good Risk
< 0 DM,24,critical account,car (used),2957,< 100 DM,>= 7 yrs,4,male:single,none,4,life insurance,63,none,own,2,skilled,1,yes,yes,Good Risk
no checking account,24,critical account,radio/tv,2611,< 100 DM,>= 7 yrs,4,male:mar/wid,co-applicant,3,real estate,46,none,own,2,skilled,1,none,yes,Good Risk
< 0 DM,36,existing paid back,furniture/equip,5179,< 100 DM,4 <= x < 7 yrs,4,male:single,none,2,life insurance,29,none,own,1,skilled,1,none,yes,Bad Risk
no checking account,21,delay in past,car (used),2993,< 100 DM,1 <= x < 4 yrs,3,male:single,none,2,real estate,28,stores,own,2,unskilled resident,1,none,yes,Good Risk
no checking account,18,existing paid back,repairs,1943,< 100 DM,< 1 yr,4,female:div/dep/mar,none,4,real estate,23,none,own,1,skilled,1,none,yes,Bad Risk
no checking account,24,all paid back here,business,1559,< 100 DM,4 <= x < 7 yrs,4,male:single,none,4,car,50,bank,own,1,skilled,1,yes,yes,Good Risk
no checking account,18,existing paid back,furniture/equip,3422,< 100 DM,>= 7 yrs,4,male:single,none,4,life insurance,47,bank,own,3,skilled,2,yes,yes,Good Risk
0 <= x < 200 DM,21,existing paid back,furniture/equip,3976,no savings,4 <= x < 7 yrs,2,male:single,none,3,car,35,none,own,1,skilled,1,yes,yes,Good Risk
no checking account,18,existing paid back,car (new),6761,no savings,1 <= x < 4 yrs,2,male:single,none,4,car,68,none,rent,2,skilled,1,none,yes,Bad Risk
no checking account,24,existing paid back,car (new),1249,< 100 DM,< 1 yr,4,male:mar/wid,none,2,real estate,28,none,own,1,skilled,1,none,yes,Good Risk
< 0 DM,9,existing paid back,radio/tv,1364,< 100 DM,4 <= x < 7 yrs,3,male:single,none,4,real estate,59,none,own,1,skilled,1,none,yes,Good Risk
< 0 DM,12,existing paid back,radio/tv,709,< 100 DM,>= 7 yrs,4,male:single,none,4,real estate,57,stores,own,1,unskilled resident,1,none,yes,Bad Risk
< 0 DM,20,critical account,car (new),2235,< 100 DM,1 <= x < 4 yrs,4,male:mar/wid,guarantor,2,life insurance,33,bank,rent,2,skilled,1,none,no,Bad Risk
no checking account,24,critical account,car (used),4042,no savings,4 <= x < 7 yrs,3,male:single,none,4,life insurance,43,none,own,2,skilled,1,yes,yes,Good Risk
no checking account,15,critical account,radio/tv,1471,< 100 DM,1 <= x < 4 yrs,4,male:single,none,4,no property,35,none,for free,2,skilled,1,yes,yes,Good Risk
< 0 DM,18,all paid back here,car (new),1442,< 100 DM,4 <= x < 7 yrs,4,male:single,none,4,no property,32,none,for free,2,unskilled resident,2,none,yes,Bad Risk
no checking account,36,delay in past,car (new),10875,< 100 DM,>= 7 yrs,2,male:single,none,2,car,45,none,own,2,skilled,2,yes,yes,Good Risk
no checking account,24,existing paid back,car (new),1474,100 <= x < 500 DM,< 1 yr,4,male:mar/wid,none,3,real estate,33,none,own,1,skilled,1,yes,yes,Good Risk
no checking account,10,existing paid back,retraining,894,no savings,4 <= x < 7 yrs,4,female:div/dep/mar,none,3,life insurance,40,none,own,1,skilled,1,yes,yes,Good Risk
no checking account,15,critical account,furniture/equip,3343,< 100 DM,1 <= x < 4 yrs,4,male:single,none,2,no property,28,none,for free,1,skilled,1,yes,yes,Good Risk
< 0 DM,15,existing paid back,car (new),3959,< 100 DM,1 <= x < 4 yrs,3,female:div/dep/mar,none,2,life insurance,29,none,own,1,skilled,1,yes,yes,Bad Risk
no checking account,9,existing paid back,car (new),3577,100 <= x < 500 DM,1 <= x < 4 yrs,1,male:single,guarantor,2,real estate,26,none,rent,1,skilled,2,none,no,Good Risk
no checking account,24,critical account,car (used),5804,>= 1000 DM,1 <= x < 4 yrs,4,male:single,none,2,real estate,27,none,own,2,skilled,1,none,yes,Good Risk
no checking account,18,delay in past,business,2169,< 100 DM,1 <= x < 4 yrs,4,male:mar/wid,none,2,car,28,none,own,1,skilled,1,yes,yes,Bad Risk
< 0 DM,24,existing paid back,radio/tv,2439,< 100 DM,< 1 yr,4,female:div/dep/mar,none,4,real estate,35,none,own,1,skilled,1,yes,yes,Bad Risk
no checking account,27,critical account,furniture/equip,4526,>= 1000 DM,< 1 yr,4,male:single,none,2,real estate,32,stores,own,2,unskilled resident,2,yes,yes,Good Risk
no checking account,10,existing paid back,furniture/equip,2210,< 100 DM,1 <= x < 4 yrs,2,male:single,none,2,real estate,25,bank,rent,1,unskilled resident,1,none,yes,Bad Risk
no checking account,15,existing paid back,furniture/equip,2221,500 <= x < 1000 DM,1 <= x < 4 yrs,2,female:div/dep/mar,none,4,car,20,none,rent,1,skilled,1,none,yes,Good Risk
< 0 DM,18,existing paid back,radio/tv,2389,< 100 DM,< 1 yr,4,female:div/dep/mar,none,1,car,27,stores,own,1,skilled,1,none,yes,Good Risk
no checking account,12,critical account,furniture/equip,3331,< 100 DM,>= 7 yrs,2,male:single,none,4,life insurance,42,stores,own,1,skilled,1,none,yes,Good Risk
no checking account,36,existing paid back,business,7409,no savings,>= 7 yrs,3,male:single,none,2,life insurance,37,none,own,2,skilled,1,none,yes,Good Risk
< 0 DM,12,existing paid back,furniture/equip,652,< 100 DM,>= 7 yrs,4,female:div/dep/mar,none,4,life insurance,24,none,rent,1,skilled,1,none,yes,Good Risk
no checking account,36,delay in past,furniture/equip,7678,500 <= x < 1000 DM,4 <= x < 7 yrs,2,female:div/dep/mar,none,4,car,40,none,own,2,skilled,1,yes,yes,Good Risk
>= 200 DM,6,critical account,car (new),1343,< 100 DM,>= 7 yrs,1,male:single,none,4,real estate,46,none,own,2,skilled,2,none,no,Good Risk
< 0 DM,24,critical account,business,1382,100 <= x < 500 DM,4 <= x < 7 yrs,4,male:single,none,1,real estate,26,none,own,2,skilled,1,yes,yes,Good Risk
no checking account,15,existing paid back,domestic appliances,874,no savings,< 1 yr,4,female:div/dep/mar,none,1,real estate,24,none,own,1,skilled,1,none,yes,Good Risk
< 0 DM,12,existing paid back,furniture/equip,3590,< 100 DM,1 <= x < 4 yrs,2,male:single,co-applicant,2,life insurance,29,none,own,1,unskilled resident,2,none,yes,Good Risk
0 <= x < 200 DM,11,critical account,car (new),1322,>= 1000 DM,1 <= x < 4 yrs,4,female:div/dep/mar,none,4,car,40,none,own,2,skilled,1,none,yes,Good Risk
< 0 DM,18,all paid back here,radio/tv,1940,< 100 DM,< 1 yr,3,male:single,co-applicant,4,no property,36,bank,for free,1,high qual/mgmt,1,yes,yes,Good Risk
no checking account,36,existing paid back,radio/tv,3595,< 100 DM,>= 7 yrs,4,male:single,none,2,car,28,none,own,1,skilled,1,none,yes,Good Risk
< 0 DM,9,existing paid back,car (new),1422,< 100 DM,< 1 yr,3,male:single,none,2,no property,27,none,for free,1,high qual/mgmt,1,yes,yes,Bad Risk
no checking account,30,critical account,radio/tv,6742,no savings,4 <= x < 7 yrs,2,male:single,none,3,life insurance,36,none,own,2,skilled,1,none,yes,Good Risk
no checking account,24,existing paid back,car (used),7814,< 100 DM,4 <= x < 7 yrs,3,male:single,none,3,car,38,none,own,1,high qual/mgmt,1,yes,yes,Good Risk
no checking account,24,existing paid back,car (used),9277,no savings,1 <= x < 4 yrs,2,male:divorced,none,4,no property,48,none,for free,1,skilled,1,yes,yes,Good Risk
0 <= x < 200 DM,30,critical account,car (new),2181,no savings,>= 7 yrs,4,male:single,none,4,real estate,36,none,own,2,skilled,1,none,yes,Good Risk
no checking account,18,critical account,radio/tv,1098,< 100 DM,unemployed,4,female:div/dep/mar,none,4,car,65,none,own,2,unemp/unskilled non-res,1,none,yes,Good Risk
0 <= x < 200 DM,24,existing paid back,furniture/equip,4057,< 100 DM,4 <= x < 7 yrs,3,male:divorced,none,3,car,43,none,own,1,skilled,1,yes,yes,Bad Risk
< 0 DM,12,existing paid back,education,795,< 100 DM,< 1 yr,4,female:div/dep/mar,none,4,life insurance,53,none,own,1,skilled,1,none,yes,Bad Risk
0 <= x < 200 DM,24,critical account,business,2825,no savings,4 <= x < 7 yrs,4,male:single,none,3,no property,34,none,own,2,skilled,2,yes,yes,Good Risk
0 <= x < 200 DM,48,existing paid back,business,15672,< 100 DM,1 <= x < 4 yrs,2,male:single,none,2,car,23,none,own,1,skilled,1,yes,yes,Bad Risk
no checking account,36,critical account,car (new),6614,< 100 DM,>= 7 yrs,4,male:single,none,4,car,34,none,own,2,high qual/mgmt,1,yes,yes,Good Risk
no checking account,28,all paid back here,car (used),7824,no savings,< 1 yr,3,male:single,guarantor,4,real estate,40,bank,rent,2,skilled,2,yes,yes,Good Risk
< 0 DM,27,critical account,business,2442,< 100 DM,>= 7 yrs,4,male:single,none,4,car,43,stores,own,4,high qual/mgmt,2,yes,yes,Good Risk
no checking account,15,critical account,radio/tv,1829,< 100 DM,>= 7 yrs,4,male:single,none,4,car,46,none,own,2,skilled,1,yes,yes,Good Risk
< 0 DM,12,critical account,car (new),2171,< 100 DM,1 <= x < 4 yrs,4,male:single,none,4,life insurance,38,bank,own,2,unskilled resident,1,none,no,Good Risk
0 <= x < 200 DM,36,critical account,car (used),5800,< 100 DM,1 <= x < 4 yrs,3,male:single,none,4,car,34,none,own,2,skilled,1,yes,yes,Good Risk
no checking account,18,critical account,radio/tv,1169,no savings,1 <= x < 4 yrs,4,male:single,none,3,life insurance,29,none,own,2,skilled,1,yes,yes,Good Risk
no checking account,36,delay in past,car (used),8947,no savings,4 <= x < 7 yrs,3,male:single,none,2,car,31,stores,own,1,high qual/mgmt,2,yes,yes,Good Risk
< 0 DM,21,existing paid back,radio/tv,2606,< 100 DM,< 1 yr,4,female:div/dep/mar,none,4,life insurance,28,none,rent,1,high qual/mgmt,1,yes,yes,Good Risk
no checking account,12,critical account,furniture/equip,1592,>= 1000 DM,4 <= x < 7 yrs,3,female:div/dep/mar,none,2,life insurance,35,none,own,1,skilled,1,none,no,Good Risk
no checking account,15,existing paid back,furniture/equip,2186,no savings,4 <= x < 7 yrs,1,female:div/dep/mar,none,4,real estate,33,bank,rent,1,unskilled resident,1,none,yes,Good Risk
< 0 DM,18,existing paid back,furniture/equip,4153,< 100 DM,1 <= x < 4 yrs,2,male:single,co-applicant,3,car,42,none,own,1,skilled,1,none,yes,Bad Risk
< 0 DM,16,critical account,car (new),2625,< 100 DM,>= 7 yrs,2,male:single,guarantor,4,life insurance,43,bank,rent,1,skilled,1,yes,yes,Bad Risk
no checking account,20,critical account,car (new),3485,no savings,< 1 yr,2,male:divorced,none,4,real estate,44,none,own,2,skilled,1,yes,yes,Good Risk
no checking account,36,critical account,car (used),10477,no savings,>= 7 yrs,2,male:single,none,4,no property,42,none,for free,2,skilled,1,none,yes,Good Risk
no checking account,15,existing paid back,radio/tv,1386,no savings,1 <= x < 4 yrs,4,male:mar/wid,none,2,real estate,40,none,rent,1,skilled,1,yes,yes,Good Risk
no checking account,24,existing paid back,radio/tv,1278,< 100 DM,>= 7 yrs,4,male:single,none,1,real estate,36,none,own,1,high qual/mgmt,1,yes,yes,Good Risk
< 0 DM,12,existing paid back,radio/tv,1107,< 100 DM,1 <= x < 4 yrs,2,male:single,none,2,real estate,20,none,rent,1,high qual/mgmt,2,yes,yes,Good Risk
< 0 DM,21,existing paid back,car (new),3763,no savings,4 <= x < 7 yrs,2,male:single,co-applicant,2,real estate,24,none,own,1,unskilled resident,1,none,no,Good Risk
0 <= x < 200 DM,36,existing paid back,education,3711,no savings,1 <= x < 4 yrs,2,male:mar/wid,none,2,car,27,none,own,1,skilled,1,none,yes,Good Risk
no checking account,15,delay in past,car (used),3594,< 100 DM,< 1 yr,1,female:div/dep/mar,none,2,life insurance,46,none,own,2,unskilled resident,1,none,yes,Good Risk
0 <= x < 200 DM,9,existing paid back,car (new),3195,no savings,1 <= x < 4 yrs,1,female:div/dep/mar,none,2,real estate,33,none,own,1,unskilled resident,1,none,yes,Good Risk
no checking account,36,delay in past,radio/tv,4454,< 100 DM,1 <= x < 4 yrs,4,female:div/dep/mar,none,4,real estate,34,none,own,2,skilled,1,none,yes,Good Risk
0 <= x < 200 DM,24,critical account,furniture/equip,4736,< 100 DM,< 1 yr,2,female:div/dep/mar,none,4,car,25,bank,own,1,unskilled resident,1,none,yes,Bad Risk
0 <= x < 200 DM,30,existing paid back,radio/tv,2991,no savings,>= 7 yrs,2,female:div/dep/mar,none,4,car,25,none,own,1,skilled,1,none,yes,Good Risk
no checking account,11,existing paid back,business,2142,>= 1000 DM,>= 7 yrs,1,male:divorced,none,2,real estate,28,none,own,1,skilled,1,yes,yes,Good Risk
< 0 DM,24,all paid back here,business,3161,< 100 DM,1 <= x < 4 yrs,4,male:single,none,2,life insurance,31,none,rent,1,skilled,1,yes,yes,Bad Risk
0 <= x < 200 DM,48,no credits/all paid,others,18424,< 100 DM,1 <= x < 4 yrs,1,female:div/dep/mar,none,2,life insurance,32,bank,own,1,high qual/mgmt,1,yes,no,Bad Risk
no checking account,10,existing paid back,car (used),2848,100 <= x < 500 DM,1 <= x < 4 yrs,1,male:single,co-applicant,2,real estate,32,none,own,1,skilled,2,none,yes,Good Risk
< 0 DM,6,existing paid back,car (new),14896,< 100 DM,>= 7 yrs,1,male:single,none,4,no property,68,bank,own,1,high qual/mgmt,1,yes,yes,Bad Risk
< 0 DM,24,existing paid back,furniture/equip,2359,100 <= x < 500 DM,unemployed,1,male:divorced,none,1,life insurance,33,none,own,1,skilled,1,none,yes,Bad Risk
< 0 DM,24,existing paid back,furniture/equip,3345,< 100 DM,>= 7 yrs,4,male:single,none,2,life insurance,39,none,rent,1,high qual/mgmt,1,yes,yes,Bad Risk
no checking account,18,critical account,furniture/equip,1817,< 100 DM,1 <= x < 4 yrs,4,female:div/dep/mar,none,2,no property,28,none,own,2,skilled,1,none,yes,Good Risk
no checking account,48,delay in past,radio/tv,12749,500 <= x < 1000 DM,4 <= x < 7 yrs,4,male:single,none,1,car,37,none,own,1,high qual/mgmt,1,yes,yes,Good Risk
< 0 DM,9,existing paid back,radio/tv,1366,< 100 DM,< 1 yr,3,female:div/dep/mar,none,4,life insurance,22,none,rent,1,skilled,1,none,yes,Bad Risk
0 <= x < 200 DM,12,existing paid back,car (new),2002,< 100 DM,4 <= x < 7 yrs,3,male:single,none,4,life insurance,30,none,rent,1,skilled,2,yes,yes,Good Risk
< 0 DM,24,all paid back here,furniture/equip,6872,< 100 DM,< 1 yr,2,male:divorced,none,1,life insurance,55,bank,own,1,skilled,1,yes,yes,Bad Risk
< 0 DM,12,all paid back here,car (new),697,< 100 DM,< 1 yr,4,male:single,none,2,car,46,bank,own,2,skilled,1,yes,yes,Bad Risk
< 0 DM,18,critical account,furniture/equip,1049,< 100 DM,< 1 yr,4,female:div/dep/mar,none,4,life insurance,21,none,rent,1,skilled,1,none,yes,Good Risk
< 0 DM,48,existing paid back,car (used),10297,< 100 DM,4 <= x < 7 yrs,4,male:single,none,4,no property,39,stores,for free,3,skilled,2,yes,yes,Bad Risk
no checking account,30,existing paid back,radio/tv,1867,no savings,>= 7 yrs,4,male:single,none,4,car,58,none,own,1,skilled,1,yes,yes,Good Risk
< 0 DM,12,delay in past,car (new),1344,< 100 DM,1 <= x < 4 yrs,4,male:single,none,2,real estate,43,none,own,2,unskilled resident,2,none,yes,Good Risk
< 0 DM,24,existing paid back,furniture/equip,1747,< 100 DM,< 1 yr,4,male:single,co-applicant,1,life insurance,24,none,own,1,unskilled resident,1,none,no,Good Risk
0 <= x < 200 DM,9,existing paid back,radio/tv,1670,< 100 DM,< 1 yr,4,female:div/dep/mar,none,2,car,22,none,own,1,skilled,1,yes,yes,Bad Risk
no checking account,9,critical account,car (new),1224,< 100 DM,1 <= x < 4 yrs,3,male:single,none,1,real estate,30,none,own,2,skilled,1,none,yes,Good Risk
no checking account,12,critical account,radio/tv,522,500 <= x < 1000 DM,>= 7 yrs,4,male:single,none,4,life insurance,42,none,own,2,skilled,2,yes,yes,Good Risk
< 0 DM,12,existing paid back,radio/tv,1498,< 100 DM,1 <= x < 4 yrs,4,female:div/dep/mar,none,1,car,23,bank,own,1,skilled,1,none,yes,Good Risk
0 <= x < 200 DM,30,delay in past,radio/tv,1919,100 <= x < 500 DM,< 1 yr,4,male:single,none,3,no property,30,stores,own,2,high qual/mgmt,1,none,yes,Bad Risk
>= 200 DM,9,existing paid back,radio/tv,745,< 100 DM,1 <= x < 4 yrs,3,female:div/dep/mar,none,2,real estate,28,none,own,1,unskilled resident,1,none,yes,Bad Risk
0 <= x < 200 DM,6,existing paid back,radio/tv,2063,< 100 DM,< 1 yr,4,male:mar/wid,none,3,car,30,none,rent,1,high qual/mgmt,1,yes,yes,Good Risk
0 <= x < 200 DM,60,existing paid back,education,6288,< 100 DM,1 <= x < 4 yrs,4,male:single,none,4,no property,42,none,for free,1,skilled,1,none,yes,Bad Risk
no checking account,24,critical account,car (used),6842,no savings,1 <= x < 4 yrs,2,male:single,none,4,life insurance,46,none,own,2,high qual/mgmt,2,yes,yes,Good Risk
no checking account,12,existing paid back,car (new),3527,no savings,< 1 yr,2,male:single,none,3,life insurance,45,none,own,1,high qual/mgmt,2,yes,yes,Good Risk
no checking account,10,existing paid back,car (new),1546,< 100 DM,1 <= x < 4 yrs,3,male:single,none,2,real estate,31,none,own,1,unskilled resident,2,none,no,Good Risk
no checking account,24,existing paid back,furniture/equip,929,no savings,4 <= x < 7 yrs,4,male:single,none,2,car,31,stores,own,1,skilled,1,yes,yes,Good Risk
no checking account,4,critical account,car (new),1455,< 100 DM,4 <= x < 7 yrs,2,male:single,none,1,real estate,42,none,own,3,unskilled resident,2,none,yes,Good Risk
< 0 DM,15,existing paid back,furniture/equip,1845,< 100 DM,< 1 yr,4,female:div/dep/mar,guarantor,1,life insurance,46,none,rent,1,skilled,1,none,yes,Good Risk
0 <= x < 200 DM,48,no credits/all paid,car (new),8358,500 <= x < 1000 DM,< 1 yr,1,female:div/dep/mar,none,1,car,30,none,own,2,skilled,1,none,yes,Good Risk
< 0 DM,24,all paid back here,furniture/equip,3349,500 <= x < 1000 DM,< 1 yr,4,male:single,none,4,no property,30,none,for free,1,skilled,2,yes,yes,Bad Risk
no checking account,12,existing paid back,car (new),2859,no savings,unemployed,4,male:single,none,4,no property,38,none,own,1,high qual/mgmt,1,yes,yes,Good Risk
no checking account,18,existing paid back,furniture/equip,1533,< 100 DM,< 1 yr,4,male:mar/wid,co-applicant,1,life insurance,43,none,own,1,unskilled resident,2,none,yes,Bad Risk
no checking account,24,existing paid back,radio/tv,3621,100 <= x < 500 DM,>= 7 yrs,2,male:single,none,4,car,31,none,own,2,skilled,1,none,yes,Bad Risk
0 <= x < 200 DM,18,critical account,business,3590,< 100 DM,unemployed,3,male:mar/wid,none,3,car,40,none,own,3,unemp/unskilled non-res,2,yes,yes,Good Risk
< 0 DM,36,delay in past,business,2145,< 100 DM,4 <= x < 7 yrs,2,male:single,none,1,car,24,none,own,2,skilled,1,yes,yes,Bad Risk
0 <= x < 200 DM,24,existing paid back,car (used),4113,500 <= x < 1000 DM,< 1 yr,3,female:div/dep/mar,none,4,car,28,none,rent,1,skilled,1,none,yes,Bad Risk
no checking account,36,existing paid back,furniture/equip,10974,< 100 DM,unemployed,4,female:div/dep/mar,none,2,car,26,none,own,2,high qual/mgmt,1,yes,yes,Bad Risk
< 0 DM,12,existing paid back,car (new),1893,< 100 DM,1 <= x < 4 yrs,4,female:div/dep/mar,guarantor,4,life insurance,29,none,own,1,skilled,1,yes,yes,Good Risk
< 0 DM,24,critical account,radio/tv,1231,>= 1000 DM,>= 7 yrs,4,female:div/dep/mar,none,4,life insurance,57,none,rent,2,high qual/mgmt,1,yes,yes,Good Risk
>= 200 DM,30,critical account,radio/tv,3656,no savings,>= 7 yrs,4,male:single,none,4,life insurance,49,stores,own,2,unskilled resident,1,none,yes,Good Risk
0 <= x < 200 DM,9,critical account,radio/tv,1154,< 100 DM,>= 7 yrs,2,male:single,none,4,real estate,37,none,own,3,unskilled resident,1,none,yes,Good Risk
< 0 DM,28,existing paid back,car (new),4006,< 100 DM,1 <= x < 4 yrs,3,male:single,none,2,car,45,none,own,1,unskilled resident,1,none,yes,Bad Risk
0 <= x < 200 DM,24,existing paid back,furniture/equip,3069,100 <= x < 500 DM,>= 7 yrs,4,male:single,none,4,no property,30,none,for free,1,skilled,1,none,yes,Good Risk
no checking account,6,critical account,radio/tv,1740,< 100 DM,>= 7 yrs,2,male:mar/wid,none,2,real estate,30,none,rent,2,skilled,1,none,yes,Good Risk
0 <= x < 200 DM,21,delay in past,car (new),2353,< 100 DM,1 <= x < 4 yrs,1,male:divorced,none,4,life insurance,47,none,own,2,skilled,1,none,yes,Good Risk
no checking account,15,existing paid back,car (new),3556,no savings,1 <= x < 4 yrs,3,male:single,none,2,no property,29,none,own,1,skilled,1,none,yes,Good Risk
no checking account,24,existing paid back,radio/tv,2397,500 <= x < 1000 DM,>= 7 yrs,3,male:single,none,2,car,35,bank,own,2,skilled,1,yes,yes,Bad Risk
0 <= x < 200 DM,6,existing paid back,repairs,454,< 100 DM,< 1 yr,3,male:mar/wid,none,1,life insurance,22,none,own,1,unskilled resident,1,none,yes,Good Risk
0 <= x < 200 DM,30,existing paid back,radio/tv,1715,no savings,1 <= x < 4 yrs,4,female:div/dep/mar,none,1,car,26,none,own,1,skilled,1,none,yes,Good Risk
0 <= x < 200 DM,27,critical account,radio/tv,2520,500 <= x < 1000 DM,1 <= x < 4 yrs,4,male:single,none,2,life insurance,23,none,own,2,unskilled resident,1,none,yes,Bad Risk
no checking account,15,existing paid back,radio/tv,3568,< 100 DM,>= 7 yrs,4,female:div/dep/mar,none,2,car,54,bank,rent,1,high qual/mgmt,1,yes,yes,Good Risk
no checking account,42,existing paid back,radio/tv,7166,no savings,4 <= x < 7 yrs,2,male:mar/wid,none,4,life insurance,29,none,rent,1,skilled,1,yes,yes,Good Risk
< 0 DM,11,critical account,car (new),3939,< 100 DM,1 <= x < 4 yrs,1,male:single,none,2,real estate,40,none,own,2,unskilled resident,2,none,yes,Good Risk
0 <= x < 200 DM,15,existing paid back,repairs,1514,100 <= x < 500 DM,1 <= x < 4 yrs,4,male:single,guarantor,2,real estate,22,none,own,1,skilled,1,none,yes,Good Risk
no checking account,24,existing paid back,car (new),7393,< 100 DM,1 <= x < 4 yrs,1,male:single,none,4,life insurance,43,none,own,1,unskilled resident,2,none,yes,Good Risk
< 0 DM,24,all paid back here,car (new),1193,< 100 DM,unemployed,1,female:div/dep/mar,co-applicant,4,no property,29,none,rent,2,unemp/unskilled non-res,1,none,yes,Bad Risk
< 0 DM,60,existing paid back,business,7297,< 100 DM,>= 7 yrs,4,male:single,co-applicant,4,no property,36,none,rent,1,skilled,1,none,yes,Bad Risk
no checking account,30,critical account,radio/tv,2831,< 100 DM,1 <= x < 4 yrs,4,female:div/dep/mar,none,2,car,33,none,own,1,skilled,1,yes,yes,Good Risk
>= 200 DM,24,existing paid back,radio/tv,1258,500 <= x < 1000 DM,1 <= x < 4 yrs,3,female:div/dep/mar,none,3,car,57,none,own,1,unskilled resident,1,none,yes,Good Risk
0 <= x < 200 DM,6,existing paid back,radio/tv,753,< 100 DM,1 <= x < 4 yrs,2,female:div/dep/mar,guarantor,3,real estate,64,none,own,1,skilled,1,none,yes,Good Risk
0 <= x < 200 DM,18,delay in past,business,2427,no savings,>= 7 yrs,4,male:single,none,2,life insurance,42,none,own,2,skilled,1,none,yes,Good Risk
no checking account,24,delay in past,car (new),2538,< 100 DM,>= 7 yrs,4,male:single,none,4,car,47,none,own,2,unskilled resident,2,none,yes,Bad Risk
0 <= x < 200 DM,15,all paid back here,car (new),1264,100 <= x < 500 DM,1 <= x < 4 yrs,2,male:mar/wid,none,2,life insurance,25,none,rent,1,skilled,1,none,yes,Bad Risk
0 <= x < 200 DM,30,critical account,furniture/equip,8386,< 100 DM,4 <= x < 7 yrs,2,male:single,none,2,life insurance,49,none,own,1,skilled,1,none,yes,Bad Risk
no checking account,48,existing paid back,business,4844,< 100 DM,unemployed,3,male:single,none,2,car,33,bank,rent,1,high qual/mgmt,1,yes,yes,Bad Risk
>= 200 DM,21,existing paid back,car (new),2923,100 <= x < 500 DM,1 <= x < 4 yrs,1,female:div/dep/mar,none,1,car,28,bank,own,1,high qual/mgmt,1,yes,yes,Good Risk
< 0 DM,36,existing paid back,car (used),8229,< 100 DM,1 <= x < 4 yrs,2,male:single,none,2,life insurance,26,none,own,1,skilled,2,none,yes,Bad Risk
no checking account,24,critical account,furniture/equip,2028,< 100 DM,4 <= x < 7 yrs,2,male:single,none,2,life insurance,30,none,own,2,unskilled resident,1,none,yes,Good Risk
< 0 DM,15,critical account,furniture/equip,1433,< 100 DM,1 <= x < 4 yrs,4,female:div/dep/mar,none,3,life insurance,25,none,rent,2,skilled,1,none,yes,Good Risk
>= 200 DM,42,no credits/all paid,business,6289,< 100 DM,< 1 yr,2,male:divorced,none,1,life insurance,33,none,own,2,skilled,1,none,yes,Good Risk
no checking account,13,existing paid back,radio/tv,1409,100 <= x < 500 DM,unemployed,2,female:div/dep/mar,none,4,real estate,64,none,own,1,skilled,1,none,yes,Good Risk
< 0 DM,24,existing paid back,car (used),6579,< 100 DM,unemployed,4,male:single,none,2,no property,29,none,for free,1,high qual/mgmt,1,yes,yes,Good Risk
0 <= x < 200 DM,24,critical account,radio/tv,1743,< 100 DM,>= 7 yrs,4,male:single,none,2,life insurance,48,none,own,2,unskilled resident,1,none,yes,Good Risk
no checking account,12,critical account,education,3565,no savings,< 1 yr,2,male:single,none,1,life insurance,37,none,own,2,unskilled resident,2,none,yes,Good Risk
no checking account,15,all paid back here,radio/tv,1569,100 <= x < 500 DM,>= 7 yrs,4,male:single,none,4,car,34,bank,own,1,unskilled resident,2,none,yes,Good Risk
< 0 DM,18,existing paid back,radio/tv,1936,no savings,4 <= x < 7 yrs,2,male:mar/wid,none,4,car,23,none,rent,2,unskilled resident,1,none,yes,Good Risk
< 0 DM,36,existing paid back,furniture/equip,3959,< 100 DM,unemployed,4,male:single,none,3,life insurance,30,none,own,1,high qual/mgmt,1,yes,yes,Good Risk
no checking account,12,existing paid back,car (new),2390,no savings,>= 7 yrs,4,male:single,none,3,car,50,none,own,1,skilled,1,yes,yes,Good Risk
no checking account,12,existing paid back,furniture/equip,1736,< 100 DM,4 <= x < 7 yrs,3,female:div/dep/mar,none,4,real estate,31,none,own,1,unskilled resident,1,none,yes,Good Risk
< 0 DM,30,existing paid back,car (used),3857,< 100 DM,1 <= x < 4 yrs,4,male:divorced,none,4,life insurance,40,none,own,1,high qual/mgmt,1,yes,yes,Good Risk
no checking account,12,existing paid back,radio/tv,804,< 100 DM,>= 7 yrs,4,male:single,none,4,car,38,none,own,1,skilled,1,none,yes,Good Risk
< 0 DM,45,existing paid back,radio/tv,1845,< 100 DM,1 <= x < 4 yrs,4,male:single,none,4,no property,23,none,for free,1,skilled,1,yes,yes,Bad Risk
0 <= x < 200 DM,45,critical account,car (used),4576,100 <= x < 500 DM,unemployed,3,male:single,none,4,car,27,none,own,1,skilled,1,none,yes,Good Risk
